,1D Gray Entropy,2D Gray Entropy,1D Hue Entropy,Color Richness,Area,Horizontal Intervals,Vertical Intervals,Dominant X,Dominant Y,Dominant Z,label
0,3.757318877712695,8.199638492087686,2.9843056808983133,4.0,0.18017187597479567,0.0,0.009840310746655158,-0.022779220850088926,-0.03135290774048238,0.8235294117647058,1
1,4.71488817019603,9.984443460704087,4.135667761468236,3.0,0.9835209167255318,0.0036264155745005726,0.006751624609671702,-0.04559328552678981,-0.1024041959362848,0.7725490196078432,1
2,5.070659124656516,10.30457117756642,4.157235309148032,4.0,0.9958052024083831,0.0033483097988874625,0.007572733843216362,-0.014302088549891255,0.20452939512593582,0.396078431372549,1
3,4.861554470697883,9.968198710274935,4.632746506878313,4.0,0.9958028659261984,0.0021962011655514784,0.0037859966730756766,-0.034903352070172464,-0.07839421228213322,0.23529411764705882,1
4,4.831611839441459,9.891949093669059,4.300435853390769,2.0,0.9767158168611363,0.0023473116211721852,0.006901202652579521,-0.1224849682839314,0.2303607214586958,0.4588235294117647,1
5,4.62183461489813,9.527658931254805,4.017311739411776,5.0,0.9750560377033163,0.0014565735325969243,0.0045300236871118095,0.6295197418432622,0.06616519105108215,0.7686274509803922,1
6,4.435205791594132,8.815174988829424,2.846032835709851,2.0,0.9804204329673825,0.0005733070348454964,0.001186949853994664,-0.4612807437801941,-0.04848255981779976,0.8156862745098039,1
7,4.048551658646673,8.808888904434038,2.1981303551390234,1.0,0.9811351679416318,0.0023062730627306273,0.0030610794678094695,-0.5418060375184571,-0.17604345312765166,0.7411764705882353,1
8,4.484922395419019,9.25721047221793,3.3237773852750108,4.0,0.9811562302749769,0.0024929713582850115,0.004099567146766685,0.5014981723338758,0.22328137195284525,0.7607843137254902,1
9,4.69233658990226,9.915810951195027,2.272552659640453,1.0,0.9815044752257269,0.007252640093968507,0.0075895467231470145,0.5516586999109704,-0.1172586764684307,0.8509803921568627,1
10,4.958007097319616,9.666791668972198,3.8888061995306984,5.0,0.9825784712493958,0.003338785119748315,0.0036755963150983777,0.3421212505028741,0.3542769258876633,0.7176470588235294,1
11,3.8891759921802467,8.040763660967656,1.4351209989951643,1.0,0.9833907812922411,0.0008225616921269095,0.0018122121780658367,0.7032987312572088,0.0,0.807843137254902,1
12,4.990397968514113,9.67978876233767,4.43651961462624,4.0,0.9833907812922411,0.003530605704518748,0.0035871141054067885,1.6334274031534017e-17,0.2667589388696655,0.6941176470588235,1
13,5.003232336971413,9.719961109147608,4.587125941354244,4.0,0.9815179996337284,0.0032190862449165032,0.003986125640037439,0.0029369089200110346,0.009038876233301114,0.807843137254902,1
14,4.850996745470328,10.034059990526107,3.1827154518080385,3.0,0.9811806617746713,0.004098226822976194,0.003749836963610278,0.4244526776824031,0.18897850766022417,0.7137254901960784,1
15,5.092745289919565,9.722925056932901,4.181366050452975,7.0,0.9812393705780804,0.0019798882199348307,0.002146686659259339,-0.0826255299662385,-0.002885347086084503,0.25098039215686274,1
16,4.698367325488695,9.426515137192995,3.3394584070818296,5.0,0.9014465360481496,0.0011808252151599792,0.00282556115644567,0.07532910179806818,0.058853544492492,0.8705882352941177,1
17,5.144858314034276,9.894936085815367,4.345929819003902,6.0,0.981198020471442,0.002291306098901697,0.0029769328373586094,0.4166347781299637,0.4314379425329857,0.7843137254901961,1
18,4.68647692970503,9.88915421626447,4.502782312109837,2.0,0.9856015926634593,0.0018932647272247509,0.004274578828262509,-0.06397709402662359,0.04315309480378636,0.7568627450980392,1
19,5.002942929816035,9.596378307782839,4.320773050308555,6.0,0.981218750100353,0.0023511739542174184,0.003882970093559029,0.23814098312019924,0.30480655862693223,0.7529411764705882,1
20,5.124099487489193,9.826907012793304,3.886749814686863,5.0,0.981218750100353,0.0013388629461515854,0.0020658698826456112,0.0870919747500729,0.058744278717549746,0.8117647058823529,1
21,4.965196632623242,9.726774637899128,3.836929021355363,6.0,0.9876099569530227,0.0032941595441595443,0.005840876707736149,0.40863016345267605,0.4538297734672407,0.8196078431372549,1
22,4.44211543853178,8.552554088589913,3.2306655548325525,2.0,1.0,0.0005872975920798725,0.0022147413182140325,-0.04268904034377783,-0.044205795342610536,0.8705882352941177,1
23,5.000617804510326,9.905674229887598,3.9592192654032603,3.0,0.9704606851556543,0.0022765441313677926,0.002195974756950367,-0.02383822183846488,-0.04887559781182397,0.8156862745098039,1
24,5.038555133706353,9.804026449393879,4.148158226743019,4.0,0.9805737160239305,0.001521345894457282,0.0013937282229965157,-0.0015859748213131832,-0.04541637668345141,0.7725490196078432,1
25,4.562146411895136,8.984936033121029,3.597161093497423,5.0,0.9587165476306437,0.00015228978570651583,0.00030844155844155847,-0.011446299651287222,-0.008316223484953098,0.3607843137254902,1
26,4.628592068226452,9.651910490572945,4.3628200706230915,2.0,0.9865996116174868,0.001718834336860088,0.0032015459340888914,0.004342084984706149,-0.02042790375696283,0.7607843137254902,1
27,4.98335782411437,10.079922453525148,4.487281546621325,3.0,0.9865737574010393,0.003013200438093142,0.004014315100121742,0.046011550440169,-0.04142898610074222,0.7176470588235294,1
28,5.008996777830351,10.363446880140941,4.385536547308889,4.0,0.9968921809618524,0.0026875419928436384,0.007308513332609718,0.13959908830129758,0.05080991287237154,0.8235294117647058,1
29,4.7570960891326814,10.13260274323015,4.6458969294852865,2.0,0.9865116690407982,0.0028043611547996696,0.006660086183107262,0.17003218742790668,0.023896465547391475,0.796078431372549,1
30,5.165522813235756,10.214136078385758,4.39755425886115,6.0,0.9968938279471155,0.003281301270332349,0.0073971980466854565,0.455950703388321,-0.1307417603300838,0.8117647058823529,1
31,5.064271259016284,9.995667407850851,4.768234026307202,7.0,0.9442111165458483,0.0028220194835317765,0.00375645897695273,0.07724640279815059,-0.04459823144944256,0.7843137254901961,1
32,4.945047987085828,9.687197777559861,4.560144029495435,9.0,0.9020688974617536,0.0018430574400723654,0.0034554328339639075,0.04568566556470291,-0.03319257895298673,0.8,1
33,4.91778972211864,9.864961755633383,4.277095625804565,3.0,0.8746943100496251,0.0015959144589849984,0.0026271345468192905,-0.04823659193758426,-0.015673018799670528,0.7607843137254902,1
34,5.150484589171726,10.428099045196076,4.3343124126368515,8.0,0.9865855394249928,0.003647282617239699,0.008241787012116579,0.6431814349426086,-0.04497562724678919,0.7647058823529411,1
35,4.604962106976513,9.737192897260387,4.226770042122254,5.0,0.9866112836230189,0.003442909022308164,0.005498228059203669,-0.09344783289588827,0.04968709411906958,0.7294117647058823,1
36,4.3670728236909095,9.265430942033428,3.9788585148540214,1.0,0.9325016095183151,0.0006958051300320627,0.0026189485365515327,-0.013416258841381028,-0.04678805486574055,0.8274509803921568,1
37,4.808686165576392,10.114933662273094,3.9049320397116887,2.0,0.8167737101928648,0.004176489973889016,0.006825639355759838,-0.3151430501193861,-0.09036581547569064,0.7333333333333333,1
38,4.915731606712859,9.936418671233502,3.9877054608056524,7.0,0.9865855394249928,0.001865564097323754,0.002796133586067505,-0.0038020042445290206,0.0020215615160330547,0.0784313725490196,1
39,4.975029557053902,9.895049241378542,4.458388131816986,6.0,0.9865902381604843,0.0035424756454799375,0.002249636395977859,0.0276333278361861,0.00587364515236023,0.6549019607843137,1
40,5.101581573420157,9.908058096919355,4.455456885499863,5.0,0.996899830885736,0.0022258027866431176,0.007141572687337837,0.546732834488009,-0.1567731175322705,0.788235294117647,1
41,4.852757902290373,9.795793962115239,2.9878707179668007,2.0,0.98661361207408,0.0027590435315757206,0.007303528823412967,0.5011141773916983,0.2024632698040571,0.7490196078431373,1
42,4.109314283134886,8.75318974701402,1.8603210789197873,2.0,0.5664136131234603,0.0014269406392694063,0.001924629043273111,0.09581969246734043,0.03871366870826495,0.8235294117647058,1
43,5.020359425851463,9.873462977698393,4.380531049087218,4.0,0.9772822646050807,0.003141077426761342,0.005660697075924298,-0.5185385321826342,-0.2095031661078517,0.6823529411764706,1
44,4.77045940237941,9.44670742860766,4.2213290342879555,3.0,0.9969003738195784,0.0027009161424926924,0.004483406772871537,0.1721983586840227,0.1783166204022871,0.7803921568627451,1
45,5.189988012024171,10.704089980035297,3.6169971779495143,3.0,0.996899830885736,0.0066929011867505345,0.014478382613610091,-0.302812862221149,-0.2540901610055026,0.5333333333333333,1
46,5.141717937099791,10.6218072261932,3.712220846135289,3.0,0.9968987436294734,0.007312614259597806,0.014033084964698744,-0.30564024655561345,-0.2564626181577482,0.5529411764705883,1
47,4.863217981601958,10.336159839576077,2.4590356378839253,3.0,0.9968833250410938,0.006839815923847948,0.010929246142236332,0.3504090054796996,-0.18631577315267506,0.5411764705882353,1
48,5.268573497091736,10.156879866607062,3.902141088097605,3.0,0.9968971092647457,0.004682364828617114,0.006363917207290701,0.005702735767011714,-0.017551215986992455,0.7843137254901961,1
49,4.317086408624189,8.830391539669714,3.283792023535551,2.0,0.7145200366003286,0.0008854181786512613,0.0013688267713699075,0.08430512581246438,0.04867358708189157,0.8274509803921568,1
50,4.686835983531225,9.4929991634874,2.5780492068303094,4.0,0.9975024159262854,0.002800420583611814,0.0042034576662815645,0.5749296624382322,-0.12220507224997743,0.8235294117647058,1
51,5.140831689220122,10.615277229175932,3.769892542449634,6.0,0.9968976545178246,0.0029901155764880862,0.004420930196651621,-0.061429255954473586,-0.019959575184541,0.09803921568627451,1
52,4.748213444155287,9.808213761951725,4.863604433915576,2.0,0.996901458301639,0.001590596886974664,0.004264075039510683,-0.0100530027552065,-0.014904189501220206,0.6549019607843137,1
53,4.8280846061342855,9.71708726504016,3.826627956240934,4.0,0.9333435362782364,0.0028249995845588847,0.0012798446533386293,-0.010682139741004801,-0.03725304842390717,0.8235294117647058,1
54,4.638048278565069,9.19311355411593,2.3120373946372665,3.0,0.9636084502380996,0.0013062197619636414,0.0009435157041540021,0.1018084232465492,0.041133273002531515,0.8235294117647058,1
55,4.610848019181042,9.460645960800962,2.8939234364082287,4.0,0.9812290739291625,0.0033961401560918263,0.00543865713236406,0.7427598819940765,0.07806720938301151,0.8352941176470589,1
56,5.017217605431922,10.25974720305467,4.604098373273476,6.0,0.9811139929252728,0.003876735195923388,0.007941901890929021,0.0559010216497867,0.06662024338082,0.7647058823529411,1
57,4.658903606209942,9.697730820954707,4.234583508980729,3.0,0.9811702096722599,0.0051595206217548905,0.0046745246568931555,0.4737528725491807,-0.10069928167035032,0.7098039215686275,1
58,4.791769353570572,9.589324213758868,3.438033742119825,5.0,0.9815645853412976,0.0017512039527174932,0.0017207523770152956,0.678722001549525,0.0713365569308521,0.7803921568627451,1
59,4.9553178512657325,10.355021070516482,4.284305316291765,5.0,0.9815482530283339,0.0023611843261289755,0.004392217932970697,0.04682205446130478,-0.01704183413110598,0.21176470588235294,1
60,4.390382546938549,9.362292707739847,2.8870453325222596,1.0,0.9811351679416318,0.0021909594095940958,0.0046681461884094414,-0.300589292310052,0.2348460935636698,0.41568627450980394,1
61,4.9850487344089345,10.495034912065742,4.106261339606808,5.0,0.9821317569958142,0.0042248763822211885,0.010512656975081924,-0.20454947583044691,0.17163738972683404,0.7019607843137254,1
62,4.739398222520799,9.867519466978953,3.782842931832808,5.0,0.9811351679416318,0.0038932085749428923,0.005127308108580862,0.6878527908080388,0.07229624155324026,0.7803921568627451,1
63,4.65549551017955,9.63690272736691,2.8832101015758287,2.0,0.9811910861893943,0.0025743177785760157,0.005335026647996787,-0.5476271908208096,-0.17793486049037718,0.7568627450980392,1
64,4.708676261841553,9.401451206165536,3.7548505483971724,3.0,0.9834086432626579,0.002702702702702703,0.002190231143811002,-0.5328904417803673,-0.1328645095833191,0.7294117647058823,1
65,4.439659347351846,9.301933344023,2.95757619548601,1.0,0.981198020471442,0.0027267086830160335,0.0044898003448687225,-0.1874971164936562,0.32475453203967325,0.4980392156862745,1
66,5.071849296338728,10.531378585943141,4.382963702647791,6.0,0.9812083989838901,0.004511859277884814,0.0064224754148074345,-0.030086200996890796,-0.08266115787613065,0.2549019607843137,1
67,5.037259761322589,10.152179085339247,4.720742360765527,6.0,0.9811702096722599,0.0038152151433018754,0.005855399919461042,0.033462945774668365,-0.030130171709630706,0.23921568627450981,1
68,4.743583164211123,10.02865000581097,3.986684446107691,3.0,0.981218750100353,0.004217962533607637,0.005835271213022551,0.11496260493814435,-0.004014582627215781,0.21568627450980393,1
69,4.647554619488981,9.501778182676253,3.3741434482778687,2.0,0.9811492219619583,0.002827930065014936,0.004114148524035576,-0.1546388652637395,0.42486679048221004,0.6862745098039216,1
70,4.722015974468313,9.757216309200455,2.6060329645720834,4.0,0.9811033628779979,0.005408759444737304,0.006981185923470396,0.6691346164695176,-0.023366695700680947,0.7725490196078432,1
71,5.076718076143462,10.311087708815126,4.162414019976881,4.0,0.9814738670342069,0.003944904313908004,0.004275492346204116,-0.3951656279471351,-0.12839709579426875,0.6196078431372549,1
72,4.667363094133895,9.571662996470033,3.2065980424846616,2.0,0.9834204997823467,0.0020403803012498663,0.003237173363900741,0.5489708877277594,-0.03838778402860118,0.6588235294117647,1
73,4.787877381561171,9.892777251322329,3.83477066513903,3.0,0.9827897145209558,0.005227011571042997,0.007980905497128366,0.16755143196074457,-0.12173324094767764,0.788235294117647,1
74,4.9705218779401035,10.349158657165386,3.6389807694008,4.0,0.9833728260478275,0.006564469607947869,0.006888480365960539,0.2411245557202209,0.04251676488481658,0.3411764705882353,1
75,4.802861581130014,9.764132458366735,4.35332557391314,4.0,0.9811245945752709,0.004096380249516781,0.00597166878311512,-0.02718610885651288,0.19343921582707307,0.3411764705882353,1
76,4.78849990424197,9.702366406992166,3.7815760969881804,6.0,0.981222194403251,0.0025688752462745866,0.0031190537969209477,0.6499346405228758,0.0,0.7333333333333333,1
77,5.0131370943608085,10.223382111714288,3.460745022437303,5.0,0.9811910861893943,0.005453417366032067,0.00701205943968652,0.6189665683283971,-0.06505600781917623,0.7450980392156863,1
78,5.07087455859923,10.638089322160653,2.944267602686623,3.0,0.9811910861893943,0.005110537831042027,0.0062251023044275836,0.13230727459153632,0.023329342254491403,0.20392156862745098,1
79,4.821810383797504,9.993271962081131,2.7923755551916827,3.0,0.9873391933848589,0.004935954531959112,0.008288665461427046,0.355026947345065,0.024825902581876936,0.796078431372549,1
80,4.964321022092372,10.33115682478824,2.797820893993591,4.0,0.9896593673965937,0.004159715514970586,0.006928672525591653,0.19900613417270915,0.035090150781137475,0.28627450980392155,1
81,5.02341286577665,10.475567202252172,3.754763582750051,6.0,0.9821519112405285,0.0037700851699007817,0.007561633619933322,-0.37957971817897407,-0.1689997788946093,0.6196078431372549,1
82,4.685502995860811,9.501439491572743,3.402368110720605,4.0,0.981648633473451,0.0031519065190651905,0.003933910306845004,-0.14192683640150408,0.4368058878762747,0.7098039215686275,1
83,4.532244000654162,9.611330364025216,3.1819882574235097,3.0,0.9812462199637116,0.002837659955546924,0.004478191047929039,0.6844842540201249,0.09619798840063208,0.7764705882352941,1
84,4.545302304560474,9.37913787272031,3.866954451047437,3.0,0.9833487393618717,0.0014440277598172335,0.002831585044082631,-0.13748668073519557,0.3088001408532775,0.5490196078431373,1
85,4.592010140361894,9.05092075563364,2.34266365426441,2.0,0.9811702096722599,0.0019429840316102277,0.0028841653878386173,0.5279493948356765,0.21330540142741342,0.7764705882352941,1
86,4.837311578776831,9.932140785153157,3.6450525852804505,3.0,0.9865831870465239,0.0034953125081880446,0.009607325454697845,0.2735871997592876,0.028755173409177784,0.8156862745098039,1
87,5.01512570271319,10.246586852687381,3.827427035800155,4.0,0.9910935180603662,0.004974585049745851,0.007837641128668443,0.181286409897057,0.03196568530062524,0.7450980392156863,1
88,4.752646777457397,10.154950198291221,3.6352507091250574,2.0,0.9811139929252728,0.008198251625373397,0.011860783776377089,0.4963064757570264,0.0173314040371728,0.8117647058823529,1
89,4.160806982234035,8.636580227434072,4.3290436227611435,1.0,0.9519540640377633,6.329113924050633e-05,0.0012887913434054717,-0.015952141362373468,-0.015404803847779685,0.807843137254902,1
90,4.874538352729582,9.662427467317604,3.4365853022362836,4.0,0.9812564715507434,0.0009602727606223431,0.002631692248078703,0.11758556916488022,0.07347561839794811,0.7686274509803922,1
91,4.507283035127177,9.124211328473347,3.943571231043329,4.0,0.9865595522529829,0.0019662149305482144,0.0032355478861087143,-0.010733007073104824,-0.037430443892592445,0.8274509803921568,1
92,4.914626415443769,9.681183365870245,3.9986670186175495,5.0,0.9001216029308472,0.003172270821942774,0.006570048309178744,0.04413374645464161,0.006202593565279041,0.8117647058823529,1
93,4.948744263447541,9.82089616268023,3.531867916206658,2.0,0.9248750920086996,0.0007155115068784133,0.0013355835214699243,0.036724336793540945,0.0,0.7803921568627451,1
94,5.174163186856276,10.23576051299215,3.900445108826151,5.0,0.9878527460644249,0.003788772029115377,0.00533340311943892,-0.4471548447326762,-0.12821958844679102,0.7803921568627451,1
95,4.825223996638982,9.763110787709417,3.483505980688888,5.0,0.9878599810667398,0.0030813249697369868,0.005449662465776329,-0.4515048094736666,-0.09597030987920109,0.8117647058823529,1
96,5.190837318534939,10.521271945190762,4.373801808500236,6.0,0.9969030815694981,0.004792447763352235,0.009798445163042643,-0.18685638469966434,-0.10788158400615151,0.45098039215686275,1
97,4.625284080647864,9.38065671972042,3.5624540176466333,6.0,0.9182080933905752,0.0020898641588296763,0.0029801098951001315,0.03183535574037884,-0.014174013582618427,0.807843137254902,1
98,4.178147980792447,8.751955532279382,3.7522362238732154,2.0,0.7864651569031131,0.001188118811881188,0.003417616922822674,0.030888306857228955,-0.0077013198599202234,0.8117647058823529,1
99,4.402112794635241,9.313033663889605,3.5150475544178645,3.0,0.8966666151181492,0.0006818819943042798,0.0018524235875270144,0.04317237391935443,-0.00917657135943054,0.803921568627451,1
100,5.117246070871818,9.966995092946648,4.188678775773761,9.0,0.9968932794220577,0.005479252279983541,0.009590010276855385,-0.2803587182982766,-0.2352488971214188,0.6392156862745098,1
101,4.051376748783129,8.53234616384282,3.546397847997549,5.0,0.6754774487165579,0.002161022732442638,0.003838481532974672,0.027511531059610666,-0.008939038314790874,0.8196078431372549,1
102,5.140731867131172,10.471525442050035,4.437387365503083,5.0,0.9968954707093394,0.003239633952613843,0.008104304251666486,-0.135158954206962,-0.2162995413264794,0.6078431372549019,1
103,4.586871621313426,10.038827662032869,2.916192128344372,2.0,0.9865737574010393,0.005297992422455941,0.007797741488602494,0.2849788511745713,-0.01992766253396198,0.8470588235294118,1
104,4.711957173297393,10.111262908623045,3.57472534945962,1.0,0.9549878345498783,0.003327476389193938,0.006680731364275668,0.049433487210024565,-0.008716457545634153,0.8,1
105,4.942367616686401,9.802117248615739,3.5536152676921566,5.0,0.996899830885736,0.002143174376930148,0.004022914686464408,0.571574695865909,-0.1007840403713949,0.8,1
106,5.11380800956856,10.0998932988842,4.440591627801114,6.0,0.9969019998510353,0.004776954936531053,0.006534439161499125,0.5815968865088901,0.08173811189027143,0.788235294117647,1
107,4.383128558568027,9.250292762636482,3.844892269920762,5.0,0.9584871568422465,0.006687051387832802,0.011495671018893025,-0.009489917698533043,-0.044646552540990925,0.8313725490196079,1
108,5.1632390112861115,9.91447305832177,4.49058329794291,10.0,0.9981751824817519,0.0030624154349869342,0.006551717072371117,0.5935471851665045,-0.06238432299102029,0.7764705882352941,1
109,5.0851203745673,10.331638232427702,4.232035069962364,3.0,0.996898199305869,0.0016783895722946942,0.0039817682343378635,-0.09466332720365765,0.020121311346653736,0.796078431372549,1
110,4.355973814526469,9.138869424465465,3.223472768393738,6.0,0.8138017756997724,0.0008587513119811711,0.0011415093149682773,0.03431871385352808,-0.006051315195590378,0.807843137254902,1
111,3.94096374963917,8.401085927090149,3.0886981319550166,3.0,0.4822594924561827,0.0009112679339648632,0.0018803418803418803,-0.012374936614415431,-0.03808613869177362,0.8509803921568627,1
112,4.049017564545639,8.716091616333875,3.1630308300688936,2.0,0.9956201265538975,0.000786470621936801,0.003627856163748235,-0.0018376912988752419,-0.052624593490401904,0.8392156862745098,1
113,4.657456070025662,9.188977750272972,2.71450779196777,3.0,0.9692787913885159,0.0011353944273320405,0.0015162384244163298,0.0873087165991069,0.05889047294067935,0.8392156862745098,1
114,4.337597370921503,8.931824906696633,2.393201821663958,3.0,0.8067816368546296,0.0005692197717825845,0.0005799890592972905,0.08060932113118469,0.058566099955446885,0.8196078431372549,1
115,4.348539331316688,8.97592289227677,2.468926272091339,4.0,0.7718474097351334,0.001955500276395799,0.002290809327846365,0.08458031920538481,0.05705014566128312,0.8392156862745098,1
116,4.770410907142766,9.342453215025257,3.9256643466678667,6.0,0.6708391616379691,0.0016435185185185185,0.0026625386996904023,-0.013220842419855505,-0.04068956906317751,0.8392156862745098,1
117,5.073145004143116,9.949919682301916,4.72183220461158,9.0,0.9969030815694981,0.0025769735279232383,0.0035411744809950136,-9.130469330667231e-18,-0.0497039600153787,0.792156862745098,1
118,4.771949835720837,9.691192903424911,4.299198081234375,4.0,0.9565202779906171,0.0015250967331673511,0.0031665237891127305,0.021911441008180765,-0.030158511255130686,0.792156862745098,1
119,4.906969982333404,9.603796779936708,4.244708108544198,5.0,0.917228108954146,0.005243903820234899,0.008038168626920824,0.01051211988337188,-0.01977042207155091,0.8156862745098039,1
120,4.361342378738559,9.012592803224175,4.352374345486568,4.0,0.9644702902292009,0.0004889663676176709,0.002705330346197743,0.0030713325625174002,-0.02185366672270901,0.803921568627451,1
121,4.986078825419864,9.925830248138713,4.183182713160916,2.0,0.8943936267414047,0.0005616947131918016,0.0006589186917055769,-0.003891068013001148,-0.027686387527445976,0.792156862745098,1
122,5.136551982828471,10.073517238919344,4.668220433934343,6.0,0.9969057778410374,0.00458071246346275,0.007967353284104159,0.023063882641323655,-0.015556785273026997,0.788235294117647,1
123,5.120988402835903,10.233012220885955,4.945238961268404,6.0,0.996887214504356,0.005406334473976156,0.0049085229808121375,0.020010870538698388,0.0006987949974110921,0.7294117647058823,1
124,5.1013780909942605,9.7985248634442,4.272811418327062,5.0,0.9513826383408956,0.0025002548543038186,0.003236559139784946,0.01516933630682398,-0.04167740897111202,0.807843137254902,1
125,4.730951378803531,9.81598467165764,4.828075199704397,3.0,0.9969089983179272,0.0076659548645783724,0.007865500953857768,0.007626910972384748,-0.03058986910981612,0.803921568627451,1
126,5.167798805051594,9.968025629493626,4.853782034538134,3.0,0.996910602436378,0.002212219439878328,0.00547645125958379,0.04985056649542719,-0.02878123798539026,0.7725490196078432,1
127,4.732465617197876,9.425161011739032,4.4699704424881395,5.0,0.8813775032753135,0.002025435704192181,0.0027614310401195647,0.009494066373693547,-0.02349863886699063,0.807843137254902,1
128,5.1822962785229265,10.225818042472776,4.629478992189146,8.0,0.9968938279471155,0.0032760928556175356,0.004542591961677042,0.03410168797615249,-0.026643158655384882,0.788235294117647,1
129,5.126072051030096,10.416078620192467,3.8968849368396388,6.0,0.9803168792912994,0.00560193264055925,0.006429774722457649,0.6056756874814148,-0.06365907995174691,0.7803921568627451,1
130,5.017766982387449,10.151562069904838,4.676446922770939,4.0,0.9964623121557428,0.0033958863940582403,0.005726386422354653,-0.0016342786229775442,-0.04679961658243978,0.796078431372549,1
131,5.063384863467229,10.377869062003887,4.3148975344507186,8.0,0.9866089531919824,0.005135541616228312,0.003519327625939791,0.6487395126255445,0.0226544829805854,0.788235294117647,1
132,5.115310704958135,10.402016874787458,4.212938267747951,4.0,0.9865878897954563,0.002515367322234275,0.003883596775881922,0.20348234768132975,-0.13725057653814865,0.7450980392156863,1
133,4.763883029874763,9.669467496048682,4.724447679619993,5.0,0.9865357137990064,0.004312987589589632,0.006731622775499852,0.0074025797538289865,-0.04198211597616057,0.7764705882352941,1
134,4.811134532248325,10.069281998319664,4.646152617203244,4.0,0.9844879751411652,0.0032964258664839327,0.006644638638899758,0.23434162984748455,0.024630297796032086,0.6392156862745098,1
135,4.810925681720607,9.653211377811344,4.825609434581162,7.0,0.9201029231555161,0.002367327474623612,0.003703703703703704,0.006082885130294412,-0.021213541463613803,0.803921568627451,1
136,5.338446767167713,10.721242024233346,4.4214642982140395,4.0,0.9885604587447963,0.0038392928459224152,0.007018851847907125,0.1539826682592138,0.05003200179591613,0.8784313725490196,1
137,5.060420010771925,10.118785055734897,4.795947551892202,7.0,0.9168600605895597,0.004129333852746397,0.004776175313729163,0.015148297005427554,-0.04161960396560424,0.7529411764705882,1
138,5.084945866149729,10.320729785972144,4.471254989764028,5.0,0.9865925845226423,0.0020594569950793127,0.0022068359620131366,-0.09816952328020143,-0.05667820069204154,0.7411764705882353,1
139,4.723959990847165,9.572717230727767,3.4805078362449797,6.0,0.8290408678055732,0.0017745068738792588,0.0014419475655430712,-0.010631272408904779,-0.0370756529552219,0.8196078431372549,1
140,4.41107361218487,8.98915158466698,2.545897885627034,5.0,0.8438356179072852,0.001077258440636723,0.0005485013933196313,0.08070446496383565,0.054435848965318376,0.8274509803921568,1
141,4.596190334828682,8.994474543253833,3.164554980742489,7.0,0.8055837506920625,0.0013166858819830206,0.0048699293242566695,-0.02958283103328517,-0.04385835062805604,0.8431372549019608,1
142,4.495690237657634,9.299939277196492,3.3556244470343835,4.0,0.5126520681265206,0.0029126019909430046,0.0027642569557117963,0.04488700864541499,0.019984983846631017,0.8352941176470589,1
143,4.905345095491013,9.869162343820243,4.230277464756678,5.0,0.9895464545361831,0.0033381020505484026,0.004126051123289964,0.43231074217910587,0.29159727752227743,0.7686274509803922,1
144,4.76286124895646,9.43421088706802,3.765055450222736,5.0,0.8306293298689251,0.0022802704363859864,0.0024819218041426646,0.00745895050897083,-0.05307319061229332,0.803921568627451,1
145,4.618711980863374,9.532113881989225,3.999962676746717,2.0,0.947791532236536,0.0014030612244897958,0.003497983468434293,0.04365864976764373,-0.014185555220441659,0.7803921568627451,1
146,4.780617041962411,9.662412560517222,4.174400606851866,5.0,0.9841994329738792,0.00404510176309611,0.009441627420592527,0.05225484623413731,-0.037965368083481554,0.7843137254901961,1
147,5.005850760312254,10.008118180046305,3.7217707484459095,5.0,0.9218822798571207,0.004441964285714286,0.001527403414195867,-0.015278072829511718,-0.03781455720586113,0.8,1
148,4.423182471709901,9.037074964757545,4.3098916302765495,7.0,0.8914405729238397,0.0014468416434726525,0.0022686760654675093,0.012672049211841603,-0.021948633070922794,0.807843137254902,1
149,4.272838572766482,8.585073776560575,2.7792459116834465,4.0,0.9833818153748872,0.001452836235444931,0.002892672252761915,-0.03262128584337686,-0.038876534598887,0.8627450980392157,1
150,4.583351052964457,8.980282891942956,3.164943373885601,4.0,0.9833668201124138,0.0004795465321781111,0.0012302096705177578,-0.03959098686537553,-0.040997667051980644,0.8549019607843137,1
151,4.905146988257706,9.958842214007728,4.365293057829309,7.0,0.9679447153659313,0.002545854929237049,0.004356982453878305,-0.015328230832304978,-0.061478175967045065,0.807843137254902,1
152,5.018178054780928,9.466860262508384,4.470540903417807,2.0,0.9953830944984894,0.0013585793752674369,0.001396633097528869,0.03107736558833559,-0.04277432413165813,0.7490196078431373,1
153,4.951453054293536,10.250823560273359,4.748989233076325,8.0,0.9865784762552674,0.0059844780874823795,0.010349600486546567,0.0030487950539147077,-0.043599800551148336,0.796078431372549,1
154,5.010214548702767,9.857304040430341,3.98984383395081,8.0,0.7860439055554519,0.004170737945190208,0.0029072450392247347,-0.021641882235809477,-0.06660686467063635,0.8117647058823529,1
155,4.822193942847583,9.541691942074273,3.742599548566157,7.0,0.882781850294628,0.0022075830771482946,0.0025299444931346773,-0.0160232096115072,-0.055879572635860755,0.8235294117647058,1
156,4.6931626321214175,9.506624484213553,4.597920467969095,3.0,0.946825881416928,0.004894114583050737,0.005754758742806552,0.0004591429567471834,0.006566050188561396,0.8392156862745098,1
157,4.552816185131334,8.950152170869217,2.925965429962124,6.0,0.8012113682248796,0.0012226512226512227,0.0014085417070491698,-0.1473295891544511,-0.175580567170246,0.27058823529411763,1
158,5.061087220787086,9.668281144285165,4.446644822551154,7.0,0.9865357137990064,0.0019239307384934143,0.002869129644502684,0.002125367273231912,-0.06086255555548819,0.7764705882352941,1
159,4.244621988574787,9.018851308134948,2.892385582809332,4.0,0.93859461768475,0.004865898482919759,0.008163512457200735,-0.015056638392800548,-0.06038887818898821,0.8352941176470589,1
160,4.8732627503704,9.510582105464692,4.006614501229105,6.0,0.8923017010984519,0.001943131776528348,0.0028819597326181804,0.016568449849686386,-0.04552144183737964,0.8235294117647058,1
161,5.140018003271047,10.136732380289393,4.022668841040322,4.0,0.986606620778444,0.004035068412750816,0.00445450562290054,0.6291282447243315,0.021969642414766236,0.7607843137254902,1
162,4.925410526418012,9.480678845890225,4.119386584384801,4.0,0.9920924574209246,0.002655124754491889,0.002098141202312618,0.6571415264343442,0.06906835759720106,0.7294117647058823,1
163,4.760833501973209,9.442257863150804,3.7645852693547295,7.0,0.9747467044340342,0.0020824964586989153,0.0037315802845528457,-0.008336474098261536,-0.05931709539021017,0.803921568627451,1
164,4.397521524498348,9.32091474591824,2.5911772139581557,3.0,0.9865285221549747,0.0009143956531850567,0.001851753875456325,0.18852543631074298,0.08393693215585027,0.8352941176470589,1
165,4.394957480142353,9.662673100452746,2.89357826036875,1.0,0.9968827674850124,0.0005936245771081553,0.0011819100082265102,0.09664996920901431,0.035177711934826175,0.8196078431372549,1
166,5.164877030704252,10.329958569370891,4.350448048790566,5.0,0.9866551884721589,0.004167142961061634,0.009134709829506095,-0.05353059029279442,-0.005626291756044403,0.27450980392156865,1
167,3.9910239958596763,8.67679300241587,1.5135972216729483,4.0,0.36523260116384676,0.0004691726003201413,0.001969046045384446,-0.024244694018635927,-0.0544544743379119,0.8,1
168,5.102757884515534,9.937249519680638,3.57936485435813,6.0,0.9772822646050807,0.003683192312598325,0.003749086557300658,0.33305342901197704,0.011630482022963415,0.43137254901960786,1
169,5.15028825127097,10.615361848875699,4.0604187993635525,6.0,0.9895594554019775,0.008053705223996925,0.009344043952384916,0.13463627984218401,-0.19960649343978057,0.596078431372549,1
170,4.937145941450643,9.522624688331161,4.4081410030835375,6.0,1.0,0.002139441228290964,0.0027963450003638366,-0.00132674441904778,-0.03799298922554717,0.807843137254902,1
171,4.38727190990613,8.996802159191219,3.1012589047388435,5.0,0.9883938183334267,0.0014949006698405092,0.0030448767996002625,-0.005738817591165283,-0.054601202098650305,0.8235294117647058,1
172,4.800147801786579,9.440266322387544,4.092228139143351,3.0,0.9564151360735853,0.0018240723094933434,0.0016986062717770035,0.008981808833043448,-0.027643165179513113,0.8235294117647058,1
173,5.062159637743269,9.992350525259713,3.5772982902728545,5.0,0.9969084627070288,0.0022890326148741033,0.005026459076458311,-0.43310778093288427,-0.10798589803583775,0.8431372549019608,1
174,5.037279249509323,9.754629025152232,4.3780258189439785,6.0,0.9920924574209246,0.0017659974741519805,0.004005773333891144,0.5941354946322563,-0.04154600100211454,0.7372549019607844,1
175,4.863308018602805,10.129186641866106,2.9092802569990868,2.0,0.9865571776155718,0.0035888708006511765,0.010047685716391044,0.35198419590168767,-0.27500019301551315,0.7254901960784313,1
176,5.109826682702446,10.348806488769563,3.816361356351572,7.0,0.99750569363817,0.007003654080389768,0.009692056012264258,-0.40510680450305114,0.2531388263838802,0.6549019607843137,1
177,4.896969421270197,10.592724564541493,3.919500346537513,3.0,0.9907978609127633,0.003945298963026151,0.008928571428571428,-0.08668457465567284,0.1285151669566293,0.6588235294117647,1
178,4.905303209116069,9.698914116089671,3.8623640481567745,10.0,0.935999466157463,0.0018612595252693353,0.002448841572494437,0.08227304892327619,0.06427875057263965,0.8588235294117647,1
179,4.92278677083204,10.197398860489509,2.992569220844461,3.0,0.9865737574010393,0.002918874163509357,0.004906385122371017,-0.19586107749319887,-0.2028200830358913,0.34901960784313724,1
180,4.59024483773039,9.353949503971823,2.6785416737182737,5.0,0.6493941647324327,0.000562015657281269,0.002912125612344221,-0.011142979507879937,-0.052423596902073245,0.803921568627451,1
181,4.9683463409965505,9.308418469612656,3.7604185678004223,5.0,1.0,0.0011900983814662012,0.000718903488518534,0.012232368220240125,-0.037647358292098816,0.7764705882352941,1
182,4.954925815009598,10.051945508231746,4.769162653201506,4.0,0.9950296478053198,0.004759198015708971,0.00860862624775844,0.03325927482079883,-0.007069477099547359,0.788235294117647,1
183,3.9635504582470475,8.44288627724853,3.1007607610962706,2.0,0.6358810909449596,0.0008725580493480052,0.00029496173469387756,-0.012013168264288731,-0.041894896521171794,0.8549019607843137,1
184,5.118590240419615,9.899599944279599,4.463177438020162,7.0,0.9819776660113655,0.002520607670822263,0.004276143619805297,0.01901859710271708,-0.010980392156862756,0.8,1
185,4.4667858050974205,8.988201364811708,3.245353107531,2.0,0.9743840497661524,0.005650225163322692,0.005192557334487235,-0.022862321114064582,-0.05134961395899587,0.8431372549019608,1
186,4.1859305999788585,8.99119741421973,3.069273408558761,3.0,0.9769280763686002,0.0011484215818581144,0.004187392410945305,-0.009758500274906618,-0.045910134216679346,0.8549019607843137,1
187,5.050615631322526,10.106143614124951,3.142203266393172,4.0,0.996898199305869,0.00337227197141057,0.007644583457656415,-0.5386801340801765,-0.13430804200150706,0.7450980392156863,1
188,5.03072621065011,10.156408530912564,4.721419290233191,7.0,0.9866182630463609,0.003029232351993682,0.005001925819514277,-0.4020544802220296,-0.13063541958282082,0.5764705882352941,1
189,4.9011694128854995,10.377714135452962,3.4738511973814363,4.0,0.9865571776155718,0.0074631598976722556,0.011542469762203017,-0.284549325101671,0.2562093631237656,0.4627450980392157,1
190,4.884894274424648,9.857389276597322,3.980337445494555,4.0,0.9917428878084658,0.00434455317776105,0.008297340304614684,-0.03324983618718149,-0.05321086093530516,0.8,1
191,4.7943134925972855,9.750405161692642,4.028253569175103,4.0,0.933390619540892,0.0014983283575413996,0.0023552787265867436,-0.002454483843545703,-0.03510075427903849,0.8156862745098039,1
192,4.971762318625,9.79737138152842,4.411885150574641,6.0,0.9695352286593163,0.0026138307141243666,0.0031852930469603202,-0.006505297359425486,-0.036893374645716855,0.796078431372549,1
193,4.857128340383181,9.376317663180968,3.9995330929930546,5.0,0.9724928880936924,0.003580158781664395,0.004272586739951906,-0.041091438722235384,-0.05259464314729987,0.8509803921568627,1
194,5.122749112046346,10.582240493407022,4.078362568259339,5.0,0.9866666257227874,0.003951795310398838,0.007949527464817795,0.08350602509386283,0.04821222606689734,0.8196078431372549,1
195,4.521888111809734,8.954597800744827,4.577534417677623,3.0,0.9832904926353243,0.001933667985328502,0.0010991547499972522,0.020239217409645398,0.08117506729629251,0.6666666666666666,1
196,4.748965622069435,9.752971441111452,3.6819641495007676,4.0,0.9726975347514122,0.003081460495993573,0.0008933574381257466,-0.0043258146044329905,-0.04115737670797422,0.8117647058823529,1
197,4.928981207521833,10.387239249447171,4.042508710626388,3.0,0.9866019499937334,0.0025992128996420844,0.010106916137654527,0.014739276888905964,-0.140234852112752,0.6784313725490196,1
198,5.035227664303587,10.165708802228144,4.53332827508722,3.0,0.9780588907947398,0.001730636513245209,0.004887383447566645,0.0037204443767730475,-0.014921887370642007,0.7843137254901961,1
199,4.457982273768391,9.148971930625851,3.3823834679452527,3.0,0.7978921866164486,0.0022603567206640773,0.0021915930748244786,-0.008172584109653118,-0.03844898527451914,0.8352941176470589,1
200,5.098127105422023,10.307559840595912,4.220387185354536,7.0,0.996901458301639,0.00518493270948884,0.005685433386014244,0.006453008833442481,-0.04591554367175447,0.788235294117647,1
201,4.994519441758503,9.956990634411296,4.358236814002362,7.0,0.9944985188319933,0.003010433419934843,0.0039015637016149704,0.01948888894952052,-0.026824154400190498,0.7686274509803922,1
202,5.001798863042382,9.812813911254025,4.334186405479999,2.0,0.996898199305869,0.004585876739069811,0.007341063656847715,-0.009851246055228137,0.024382689601064305,0.7450980392156863,1
203,4.892882227832015,9.831405610572364,4.491848909455566,7.0,0.9814931790296754,0.003536015560582676,0.007248590844439762,0.38370653635359087,0.1550275037112217,0.8117647058823529,1
204,5.006663065625477,9.97120059965766,4.641225192075378,4.0,0.9866551884721589,0.007274314395868189,0.011533411222200396,-0.0032056189754238445,-0.006028892444896018,0.8705882352941177,1
205,4.932672056602236,9.592409911877224,3.877964916247189,7.0,0.8998423366050584,0.0026322502840974977,0.004145348837209302,-0.009838589817012754,-0.0343112402348764,0.8274509803921568,1
206,5.073476333271098,10.142387079622102,4.357135080334562,4.0,0.9865878897954563,0.0048787645354168956,0.006976865905998116,0.03265988774912845,-0.010611840806447644,0.796078431372549,1
207,4.438178657253733,9.192461451869864,2.61404457820335,6.0,0.9865666639562836,0.0036158405257117705,0.006142222128813274,0.6563749002747647,-0.0458982042159541,0.7803921568627451,1
208,4.627310087043184,9.413786575722487,3.1494451524754443,5.0,0.9265206812652068,0.00266060670832888,0.0028806492109038737,0.08578262817355098,0.03122232327229788,0.8313725490196079,1
209,4.982319953594274,10.19060351357443,3.807785121137817,4.0,0.996904161451427,0.004332827234323842,0.0075576423842415984,-0.5252504354465987,-0.1309596420624113,0.7843137254901961,1
210,4.81932660059463,9.981240213108853,3.8203206047974256,4.0,0.631229132114602,0.005459343559294079,0.013625941696691778,-9.989275851868606e-18,-0.05437908496732026,0.8156862745098039,1
211,4.949660518183263,10.267407340065951,4.68281231881148,7.0,0.986580832657475,0.004658669894721397,0.005969163688198979,0.29218525627244124,-0.030709907916420618,0.7803921568627451,1
212,4.647593379710073,9.44416781609289,3.907000863187757,5.0,0.9865855394249928,0.0018498430515597897,0.0029898731791096356,0.5430212562248573,0.2887295235274211,0.7725490196078432,1
213,4.673771782454427,9.456559371635102,4.668690672522624,3.0,0.9616946684901861,0.0022970657528378667,0.004357310122860106,0.007897153308528564,-0.02754064651338851,0.8117647058823529,1
214,4.721857256238479,9.563043156644856,3.6014028118539088,3.0,0.9039476026723386,0.0010970958551603713,0.0024850042844901457,-0.0031989820023834293,-0.04574757397731328,0.8352941176470589,1
215,5.122668192994085,10.061230555400403,4.418108924986086,7.0,0.9968949235901549,0.003421928467632307,0.005224665786433405,0.014766665438292364,-0.016400043438063228,0.803921568627451,1
216,5.044195736202977,10.047262715447465,4.669082323155582,6.0,0.9264005864370828,0.005348219862585884,0.0015362772176189367,-0.018074334680114674,0.0006311696750809895,0.7686274509803922,1
217,4.518782956512846,9.236787790916743,4.365303081658231,5.0,0.9768490393811664,0.003382735364384025,0.004154905008087792,-0.0010240405952844514,-0.029324685858553398,0.8313725490196079,1
218,4.857830728210601,10.21496032328261,4.4157115057807,3.0,0.9866574797780793,0.0038190150578307994,0.005182926829268293,-0.021983833302193317,0.054411896793954036,0.20784313725490197,1
219,3.8713248957935162,8.502287907647235,1.7876497822791728,1.0,0.637154176105378,0.00022763117246313189,0.0008214294515315552,0.08354279436996244,0.03375347990501851,0.8509803921568627,1
220,4.705851871239753,9.648502557909227,2.9142908511789747,3.0,0.9908156331513995,0.0026201742939940364,0.004782708909563322,-0.5746942020811724,-0.25587034404703857,0.7098039215686275,1
221,4.905921261400694,10.062976906630803,3.715888031547278,5.0,0.9895594554019775,0.004000872917727504,0.0039020228086239905,-0.570982703149134,-0.2306919865705003,0.7372549019607844,1
222,5.017070865282747,10.18166708963485,3.9234858178703163,7.0,0.9865878897954563,0.00573818170384694,0.006422066366586413,0.6820448555267422,0.023817531182881744,0.7803921568627451,1
223,4.528973738618808,9.139398784709766,3.1107735767745277,5.0,0.7740333059341331,0.0023998839616546012,0.0031214062756694597,-0.01347984300650606,-0.04700979920159715,0.8313725490196079,1
224,4.83873472984115,9.68894597517999,3.253567240050786,5.0,0.9674494756091843,0.0017640668194090377,0.0019066593827993617,-0.020586956416403946,-0.05656219788936633,0.807843137254902,1
225,4.550495945730978,9.842060036516035,2.7765540774532314,1.0,0.986542886875971,0.00025899067633565194,0.004184652404723961,0.15279818816666968,0.061734475279429664,0.7372549019607844,1
226,5.004939777591865,9.974871288053793,3.821125899447963,4.0,0.9811702096722599,0.006411303051083608,0.00553977427324474,0.3529346225849939,0.1876586675883256,0.596078431372549,1
227,4.875767262039746,9.947476703377664,4.450724708374677,5.0,0.9865902381604843,0.001792199217091921,0.0031285641041738604,0.048089466239076596,-0.06618947189657395,0.7450980392156863,1
228,5.031969178734907,10.418666745369983,3.9731237130179697,4.0,0.9255260860682379,0.0011465603190428714,0.00242571927006895,-0.0400786846237765,-0.08217348104957396,0.803921568627451,1
229,5.030228848860395,10.002164443243183,3.642096941845611,8.0,0.9865642954207222,0.0030550328759593225,0.005803195962994113,-0.5246470986366926,-0.15044013468581766,0.8235294117647058,1
230,4.861747305240199,9.675328609289739,4.648852574079308,9.0,0.9927281146373766,0.003966539249903052,0.0045063656546625456,-0.007016852453373027,-0.017367319259705447,0.796078431372549,1
231,4.220683202670941,8.991969036261116,3.090289386243157,3.0,0.9300486618004866,0.0021241747860452896,0.0043475122568752324,-0.01830578181210762,-0.05633940331824577,0.8392156862745098,1
232,4.832979517992384,9.835881942850474,4.093047775555873,4.0,0.8845228153738298,0.005475340687865022,0.006044696210839004,0.016751106961276307,-0.03762360223862954,0.807843137254902,1
233,4.535096633603804,9.481562585562976,3.048207397346192,3.0,0.9865690304631207,0.0015144607419285531,0.0038181970966996493,0.3277136757394048,-0.2210456653719657,0.8470588235294118,1
234,4.968852819263391,9.666012682377925,4.575603550132859,7.0,0.9865737574010393,0.0025363287165862274,0.004292431048234751,-0.13252518377454273,0.3280113401069493,0.6352941176470588,1
235,5.2449979406586165,10.69530116269577,4.924428868567653,7.0,0.9895755209538948,0.0050504525662742,0.007330514169914908,-0.01199601933027724,0.01919764394528657,0.7215686274509804,1
236,4.7430617144322404,9.631138769757753,3.7330238791668053,5.0,0.8947060754310008,0.002243664264124622,0.0022134606073182543,-0.009420165161989371,-0.03778221882246556,0.8274509803921568,1
237,4.909234660476487,10.336462887897735,4.250151205738158,2.0,0.9515954953911159,0.0022356776897997205,0.0009458824044002668,-0.004826379741098784,-0.034341476278542726,0.803921568627451,1
238,5.090430330260204,10.388325729816883,3.757557582073013,3.0,0.9217063411431876,2.825018362619357e-05,0.0,-0.013159062782379542,-0.04049943088998508,0.8352941176470589,1
239,4.940466676057435,9.728625069234539,3.894525259197498,6.0,0.986627541341911,0.003642353136788286,0.004858303802467083,0.010713979066508648,0.06076199469565519,0.23137254901960785,1
240,5.194110034038847,10.444121294085607,4.317951782769193,4.0,0.9968960173611003,0.001572941243873602,0.008513094293341029,0.0010620362784572698,-0.01518782637073781,0.7764705882352941,1
241,4.587209640993813,9.114403860767965,4.030879602236027,4.0,0.8985336536232018,0.0015206604010884726,0.0028508996551606406,0.018577785240739785,0.014514556580918632,0.8588235294117647,1
242,4.737186553934721,9.745874459624654,4.106911261724508,4.0,0.9812179195233933,0.0017354435772999823,0.0027186908697731478,0.03286716151227115,-0.045237766882696026,0.792156862745098,1
243,4.83996235764631,9.936878172274715,3.7977673487043826,3.0,0.9968810919253797,0.007197041333081174,0.004066460563152654,-0.5808518962984763,-0.1665566010728416,0.8196078431372549,1
244,5.081944821004312,9.819278196680896,4.714654989531726,8.0,0.9865925845226423,0.0026306549911700125,0.0034148433251056354,0.5197908153754066,0.018151495247652177,0.6980392156862745,1
245,4.98082200718885,9.824121251316575,4.6076097505986935,4.0,0.989589280488828,0.0032098676380423415,0.007254349524945502,0.3106762516050094,0.032653389840151405,0.7176470588235294,1
246,4.908647527783456,9.679098200490909,3.9152814735894244,6.0,0.9780714505280379,0.0017970781623290132,0.0011707740882795448,-0.008717001174779264,-0.03496198210941422,0.8352941176470589,1
247,4.834560395578931,9.810688236661232,2.95281428042307,5.0,0.986606620778444,0.0032909389132565097,0.0038546600179432075,-0.5467230313729524,-0.13631336152058773,0.6941176470588235,1
248,5.193808982139102,10.220451854941222,4.775409860483623,4.0,0.9460552449667464,0.004224320720484403,0.005866936360868241,-0.10429628838372294,0.003642106645492853,0.3058823529411765,1
249,5.037138125100454,10.231560254010821,3.9094862692160675,6.0,0.9920924574209246,0.00445953664837785,0.007211210917437924,-0.3915907614284298,-0.0690480166360039,0.792156862745098,1
250,4.825479396858386,9.3557115493091,4.423294270166851,8.0,0.978756656932242,0.001173241708742746,0.001511608309105465,0.007245334738839568,-0.034086619965594825,0.807843137254902,1
251,5.192350047690812,10.058822550890296,4.4676862567734394,7.0,0.9812153027654981,0.003064145685704645,0.0037710736468500442,0.47683634756427995,-0.06701497830312377,0.8352941176470589,1
252,4.272345451852995,8.984251901441104,2.7623084974460497,2.0,0.98655242222055,0.00030656039239730225,0.0006953590054259074,-0.0137977638321312,-0.04811852088088009,0.8509803921568627,1
253,4.361975359660926,8.897765019114894,3.228767471303663,3.0,0.5820245470825266,0.001902413246432975,0.0036293954539835045,-0.008839775839212773,-0.035454404392645404,0.8470588235294118,1
254,4.921904336957117,9.37941772799498,3.621536412663054,2.0,0.9812564715507434,0.0028592391187069765,0.0024002755473274064,0.47514592456342936,0.06677740484358388,0.7647058823529411,1
255,4.9694031701592,9.729973452082776,4.626589553865048,4.0,0.986580832657475,0.0010428293690096266,0.0021853742387875105,0.0479148196444894,0.015568468643941987,0.611764705882353,1
256,5.1093927206709955,10.204384070991782,4.193741676787614,9.0,0.9865972712485889,0.0032856985646685217,0.004138190482161891,0.6319516481715177,0.04419036405908117,0.7803921568627451,1
257,4.982087190986868,10.081417058939003,4.250639934422591,6.0,0.9865737574010393,0.003945982486755019,0.0076718021913437726,-0.46889116544802717,-0.082678163484324,0.7058823529411765,1
258,4.771454451302229,9.517606670845492,4.561169429931499,6.0,0.9812700985146241,0.0012731706264431065,0.005941764263457613,0.006139088061809561,-0.058409521236623387,0.788235294117647,1
259,5.114139322009005,10.040099499648695,4.544096044304859,6.0,0.9865666639562836,0.003469110765248104,0.0028005170185264974,0.03615126653502715,0.006374443676908308,0.12156862745098039,1
260,4.968374924022553,9.95583173413308,4.677225323489931,6.0,0.9828027381652915,0.003498020787028217,0.0026414855588244596,0.015451895851310647,-0.019777524796404,0.8,1
261,4.811138928054847,10.14749241652745,4.1299692958611525,3.0,0.9969057778410374,0.0034032576250529337,0.006694008632151697,-0.4511101289056736,-0.14657456605161862,0.8117647058823529,1
262,5.202293997204368,10.083107232317435,4.355685808396875,4.0,0.9772822646050807,0.0030826140567200987,0.004305095156900331,0.41069845409562344,0.1334440169480742,0.7058823529411765,1
263,4.582142786643745,9.650474112146021,3.28063169902744,4.0,0.92891531669741,0.004381006218202374,0.0067778258986574275,0.0839636085052683,0.05246628563065549,0.8705882352941177,1
264,4.788017239505372,9.60968147783433,3.8624594115381017,6.0,0.8435264592115637,0.0017140148061704533,0.0031607364940698275,-0.0012397975760519303,-0.03550315740736811,0.8235294117647058,1
265,5.09422805476439,10.395594547569805,3.9012794396520176,6.0,0.996901458301639,0.0055206106239477784,0.009821226986309805,-0.45016415993650555,0.21955973100540824,0.7215686274509804,1
266,5.023926150414007,10.484941577461173,4.444232400409714,3.0,0.9866042863798726,0.004716313729189266,0.008297066282601209,-0.13564013840830452,1.661112613376341e-17,0.7686274509803922,1
267,5.040179619400604,10.013972544926398,3.764624567098832,3.0,0.9866643421235879,0.001710555466821922,0.0006605906092916198,-0.014509005215913763,-0.00471426156739635,0.48627450980392156,1
268,4.684141871748624,9.399861915336263,4.664454615924569,7.0,0.8754873165738863,0.0012314404334670325,0.0013467456599939752,0.0017850791589423202,-0.02552782129384618,0.8156862745098039,1
269,4.729799491875389,9.67868686414045,3.9630705491823317,4.0,0.9772822646050807,0.004857774565245121,0.005644811115935736,-0.4471585648475887,-0.18066378730523647,0.7686274509803922,1
270,4.611618434238356,9.559125574292729,4.153168820344104,3.0,0.9188602526493994,0.0036912846234044353,0.0023340627279358132,-0.010784521997302388,-0.02669262861590197,0.8156862745098039,1
271,5.060048646292771,9.913151849534533,4.376259592179342,7.0,0.9865595522529829,0.0029017526797606714,0.004077316441844315,-0.4716888449435148,-0.17168069939484545,0.6666666666666666,1
272,4.686041349233122,9.916360310747343,4.36142819748583,2.0,0.9865666639562836,0.004496219088493766,0.00823341494940154,-0.25498521138953056,0.06357495351029792,0.7529411764705882,1
273,4.189899853075412,9.024666270633768,2.372533339197092,1.0,0.7399727823827786,0.0003936246616209049,0.0018806906506773262,-0.028767117593319562,-0.0646120039938227,0.8588235294117647,1
274,4.877856750406242,9.975195013287554,4.564798286876227,4.0,0.9853089192505251,0.005114580221876359,0.007871206078670081,0.001333184925936381,-0.03817742121207895,0.8117647058823529,1
275,5.104159490508876,10.070792127098075,3.843152622847482,4.0,0.9765647835949626,0.004255163053446315,0.008804385422453279,0.010478670412604729,-0.03654346654916608,0.807843137254902,1
276,5.238484158875643,10.442696960632702,4.193361933595689,4.0,0.9861996723535114,0.006157187542217003,0.005506802827311244,0.007393505761101043,-0.016606085827505643,0.7725490196078432,1
277,4.929088413813931,9.751461724842983,3.131430206328453,2.0,0.9968877682309155,0.0027344177252769573,0.00860437012795046,-0.29012160026498524,0.0942662222287037,0.6705882352941176,1
278,5.097236442956702,10.664652901778899,3.8266321098618366,2.0,0.9908145366943197,0.00023057533787147522,0.0005714824990038378,0.16925896844519228,0.04220100056573674,0.7803921568627451,1
279,4.373994263908183,9.233977272736551,2.756766797596131,1.0,0.9806949122126095,0.0,2.6305267366737514e-05,0.07220698253788868,0.029173514633728234,0.8274509803921568,1
280,4.89558501931289,9.760798645501913,3.1617171845828618,5.0,0.9975228953054772,0.003423781205539463,0.005262837364622771,-0.017254901960784327,-0.02988636687569827,0.8,1
281,5.236928419787575,10.423632263353367,4.56000079096681,4.0,0.9866112836230189,0.005104099524700383,0.005873462580779654,0.004315501039750232,-0.024474422589276866,0.792156862745098,1
282,5.0509386042683175,10.32157057894411,3.8449536166680476,4.0,0.996898199305869,0.004281184478253235,0.007510828969164446,-0.5545825839773323,-0.15902399697769654,0.803921568627451,1
283,4.140347300471418,8.697718859190335,2.8056907695317563,4.0,0.8584975227381149,0.001339423082724459,0.004159303737362809,-1.0085326581213497e-17,-0.054901960784313725,0.8235294117647058,1
284,5.166199633358098,10.716751741912939,4.213037347358183,3.0,0.9865571776155718,0.0038901456690416288,0.007410760339800204,-0.18955613193083873,-0.18305222880145974,0.5843137254901961,1
285,5.12313849134192,10.268603032436376,4.191168600852591,10.0,0.9867230977429595,0.006647251175148171,0.00930586325536759,0.5385726429284865,0.15443322025566955,0.7764705882352941,1
286,5.164505009337659,10.612231648917593,4.680719102881017,6.0,0.9920924574209246,0.005842988675606701,0.004503701528846759,0.008205327544606589,0.022543952148035635,0.15294117647058825,1
287,4.9495555817009524,9.732049625741443,4.446898065050126,5.0,1.0,0.0025214714995736892,0.003609789999429487,-0.0034328445364275565,-0.04909196402662726,0.7843137254901961,1
288,4.437085956161174,9.223571586523342,4.504772922748009,6.0,0.8867924528301887,0.002567258660101987,0.002784016470147857,0.003776251042424643,-0.015145715681201637,0.796078431372549,1
289,5.228509596160859,10.28708811183844,4.487503062694012,5.0,0.9878563666548232,0.0026830584770498934,0.0058517759277078195,0.07680020341727166,0.06915121375980819,0.7529411764705882,1
290,4.9143390881215465,10.358160325330863,2.976458790322166,3.0,0.9865831870465239,0.006450869111813318,0.006286145335680161,0.5536823603363219,-0.17990230432999646,0.8156862745098039,1
291,4.228056982505826,8.975966853231501,4.172225718130088,4.0,0.5443210177696883,0.0012717536813922356,0.002250834525512637,0.004620791915952125,-0.018532984114337372,0.8117647058823529,1
292,4.542383925146669,9.413791866100789,3.9835410492665106,3.0,0.8996319317451495,0.0025433923354528268,0.002761296211775445,-0.006250346552978729,-0.02506877078267857,0.8235294117647058,1
293,4.138125131430443,8.87255702138382,4.255032515789608,3.0,0.462800537545562,0.001075268817204301,0.0025508214981899194,-0.011325852004700508,-0.023221437874396005,0.8235294117647058,1
294,5.08145066010962,10.154118662356305,4.169730318851388,5.0,0.9968960173611003,0.0032500507820434695,0.006317829057891102,-0.0021026172785618786,-0.0300688279663092,0.7686274509803922,1
295,4.97506255288522,9.532396569984263,3.8188038131982305,5.0,0.9902676399026764,0.004636256810169854,0.0029890525287490574,-0.02319076866320064,-0.027637681869390578,0.1803921568627451,1
296,4.928345809216502,9.6553516133421,3.675106871893079,9.0,0.9865855394249928,0.0049835715071766575,0.004230853815622742,0.6624529027297192,0.0,0.6980392156862745,1
297,4.45001968138549,9.232050543461181,2.817992960770589,4.0,0.9975094964993296,0.001383182972398274,0.0018721116906963743,0.4426295102179151,0.4915898734807326,0.8392156862745098,1
298,4.997016454252148,10.61698841028317,4.212322102817732,5.0,0.9882204573702792,0.007746647828752699,0.01061299468022978,0.10115875963862145,-0.03681877744374749,0.7843137254901961,1
299,4.920771846676862,9.873294957980992,3.506750001706079,7.0,0.7337529119428483,0.0047702595105727835,0.0032548384155109884,-0.017934138592236103,-0.03372920908360745,0.8117647058823529,1
300,4.949160803145829,9.68500130320674,4.015718884742229,5.0,0.9866390950756933,0.0013197684689646573,0.002271030363364858,-0.06926842527462537,-0.08865954130544836,0.24313725490196078,1
301,4.741241834351398,9.721534021329138,3.669460398264187,4.0,0.9292521829324015,0.0012058058147882268,0.004069637259292431,-0.008635151398490255,-0.03463370058726009,0.8274509803921568,1
302,4.906209245818127,9.84584869576622,3.9629121752885386,6.0,0.986606620778444,0.004097952595806673,0.004762252498487346,-0.36274816590535897,0.26355196948618764,0.5803921568627451,1
303,3.9994384936929914,8.511728242604331,2.648918209568686,6.0,0.38215374599452423,0.0007177681473456121,0.00264914983915876,-0.0020468335548449305,-0.029271083550876504,0.8313725490196079,1
304,4.935676595960455,9.970763214868999,3.598084330321816,3.0,0.8769093214451495,0.006372618373891719,0.007019089574155654,0.03014634582755704,-0.03858556308318035,0.7803921568627451,1
305,4.189080162505986,8.48002118691632,3.931003388716421,3.0,0.4754428244002443,0.000835978835978836,0.0,-0.02393973794422133,-0.01065865805153654,0.8352941176470589,1
306,5.169180257149073,10.398401102698605,4.526610368724196,7.0,0.9861619303483827,0.004580064665901576,0.008617257564328221,0.012316864055111794,-0.02525331368840566,0.796078431372549,1
307,4.940480152925799,9.730463621440645,4.413446356419811,6.0,0.9845329391111521,0.002311367585008687,0.004646131336871761,-0.007843137254901968,-0.013584712216226485,0.8,1
308,5.045558679464269,10.39387462643766,3.8450694281718873,5.0,0.9865690304631207,0.004045549109926792,0.00768891409844331,-0.36158839066768883,0.06375778918566644,0.7490196078431373,1
309,4.995339369057344,10.237223884612288,3.852813611537864,4.0,0.9842193793305659,0.008469367558051107,0.0076323212211713955,-0.18020291029680474,0.44601785422297746,0.7215686274509804,1
310,5.153114455443381,10.572925171241371,4.010684105861413,3.0,0.9865666639562836,0.006167890288061962,0.008842908334296613,0.3617935044246407,0.16108084632815084,0.6823529411764706,1
311,4.324110587209965,9.007369783612358,3.4077356478276846,4.0,0.6936341100023788,0.005049600954725144,0.005789143863209095,-0.03075661449393148,-0.057844778863191525,0.8352941176470589,1
312,5.07013560879166,9.890647230064886,4.735657944292388,4.0,0.9866205855726123,0.004400960209500255,0.0049529676184133856,0.013004471533000505,0.09253162300151914,0.19215686274509805,1
313,4.733817653497752,9.60300349220404,3.7300608133415007,7.0,0.9622657434470686,0.004111629111629112,0.003516295025728988,-0.004050930064351964,-0.03854202501081198,0.8235294117647058,1
314,4.764438735469745,9.966094914439337,3.123512247132354,4.0,0.9968949235901549,0.005281332520820638,0.00672037464928206,-0.5436560768007055,-0.19787462963339722,0.6705882352941176,1
315,4.752445070315159,9.605399562727762,3.3431533970149463,3.0,0.7308277682870011,0.006918505942275043,0.0037258985365577232,-0.01780137445067542,-0.04405994787560743,0.807843137254902,1
316,4.907363745068515,10.105046770905156,2.728320492713696,5.0,0.986606620778444,0.005187945102108192,0.006838239896513593,-0.5910817016593272,-0.16948995055727628,0.8,1
317,4.416751712327313,9.250383895010758,2.91952247701054,4.0,0.6253979170248571,0.003397517832845421,0.005422327033580231,-0.017421150918719243,-0.043118861610303184,0.8470588235294118,1
318,4.679996541488658,9.307607925819225,3.7448313578546686,6.0,0.9616168275645554,0.00186889637887823,0.0015414676508901434,0.004854938669719011,-0.027533725412936475,0.792156862745098,1
319,4.260242721724877,8.71421087570533,2.8744717669031363,3.0,0.9866711871617938,0.006378517072064878,0.0026441663402263778,0.0063961951383538565,0.000898926603663629,0.0196078431372549,1
320,4.599003261900033,9.374682977849233,4.244781578420142,5.0,0.9358184947804965,0.0043769789532501395,0.00660946829529205,0.013425605536332182,-0.02325383091130534,0.7607843137254902,1
321,4.67141182552931,9.668275957287527,3.4724482108528383,3.0,0.9731433230474349,0.0022357766548975664,0.006253232155861152,0.0019160507993530116,-0.054868515993205254,0.8235294117647058,1
322,3.93054607690179,8.62793248029057,2.1457109937566616,4.0,0.38381026296853743,0.003510626762090653,0.007733007733007733,-0.020071493532191485,-0.05514597525442563,0.8313725490196079,1
323,4.746866494145926,9.501252224251557,3.5035756151018784,3.0,0.6362440203719741,0.003445091347119052,0.0014034806319672788,-7.675583283237274e-18,-0.0417839292579777,0.8196078431372549,1
324,4.7913208663222315,9.959995018606909,3.9164629507082456,1.0,0.9865548009389701,0.0016437979661303621,0.006934790850499179,0.08821043840487788,0.032105973930947815,0.8549019607843137,1
325,5.011009587976849,10.030674958028166,3.3979336216904628,4.0,0.6768706526865499,0.008088723906418276,0.007929677895254488,-0.4802012694041135,-0.1560268505854405,0.7529411764705882,1
326,5.019973132331547,10.075011562907036,4.588466694238255,3.0,0.9787218901224025,0.0023823861895555343,0.003519764218204178,-0.007658305708299475,-0.02104102200483326,0.8156862745098039,1
327,4.99670702761188,10.57164187186452,3.7530938044485467,3.0,0.9866112836230189,0.003652522965827687,0.006655201167396289,-0.26683920128881844,-0.13014617437544237,0.7647058823529411,1
328,4.9510606305801215,10.214838619379817,4.129946786921612,3.0,0.9772822646050807,0.004491049789531868,0.005814261355813732,0.4991387425774507,0.31189650258720825,0.7215686274509804,1
329,5.226025352902008,10.464807765018943,4.77834302501792,4.0,0.9866089531919824,0.0017083536396841118,0.0010010531913784294,-0.015342925552957442,0.01704004513320715,0.08235294117647059,1
330,4.154887620102951,8.99164036365716,4.069084937953622,1.0,0.8939594805368468,0.0006385325361351368,0.002438939409776663,-0.02173178629735534,-0.040871545628686966,0.8431372549019608,1
331,4.749248680978307,9.669134916185671,4.187440421344175,3.0,0.9089756958370097,0.002873915710155086,0.004620508490477531,0.02400700094002183,-0.053920606942442176,0.792156862745098,1
332,5.269461433007929,10.224419055860972,4.005479190440459,7.0,0.9760772309865787,0.002330779054916986,0.004256391287799596,0.08378908280477465,0.03730530318037789,0.8352941176470589,1
333,4.352165093590742,9.289823045723853,4.22477699709744,1.0,0.837948252383114,0.0002877848415875258,0.0016186087796473,0.03989111291994458,0.019456195765217645,0.8705882352941177,1
334,4.725925442646993,9.484977772813899,4.228164942513546,7.0,0.977500424255107,0.0032474401286282473,0.005365376851320627,0.018970802107873337,-0.03889590843961332,0.788235294117647,1
335,4.861937975367323,9.542696761196753,3.822364565753774,6.0,0.9865855394249928,0.0022795516357748116,0.0027018818921551173,-0.3181462837475534,-0.1691613797166232,0.43137254901960786,1
336,4.863149588501512,10.469116298566995,3.8456730156664314,4.0,0.9908051402183887,0.0029546079198291718,0.0073043974268239865,0.09935161645151995,-0.017518370557401974,0.803921568627451,1
337,4.669882993534559,10.050321568017127,4.341309925636276,2.0,0.9865404979088832,0.00270090276750037,0.004936120789779327,0.07757446517497962,0.04124707478963159,0.7725490196078432,1
338,4.748704447785005,10.158346701325748,4.09124441803414,1.0,0.9866437029019249,0.0034968668488709223,0.008693039351803883,0.06520025897662358,-0.006852823358862076,0.796078431372549,1
339,5.106159243103172,10.17337201784719,4.7348799051644646,8.0,0.9738461034136108,0.004425132620691494,0.0067803815293054895,0.0021006786634923495,-0.06015556627378302,0.807843137254902,1
340,4.943533332771121,9.830726613057282,3.682378024876827,4.0,0.9969185624450564,0.0033080874031513885,0.0045206034220917285,0.36694708986028046,0.02565944014587825,0.4666666666666667,1
341,4.164506181889914,8.76432887641443,4.238258845501149,2.0,0.7342950866477979,0.0012500872965989244,0.0043267046447419,0.002042898377825435,0.0028118083925988174,0.8862745098039215,1
342,4.253384063761204,9.363970931276377,3.3054314139419425,1.0,0.986542886875971,0.0006078352607877545,0.0020527487836539985,0.10208511680134906,0.05893886966551326,0.8588235294117647,1
343,4.852404709472292,10.203433439431207,2.4494051739383553,1.0,0.986542886875971,0.007653438761918856,0.012807252693902966,0.4694725884821398,-0.0328287214074238,0.8392156862745098,1
344,5.062742255554482,10.333267314747696,3.839639825271196,4.0,0.9968943760029472,0.0031146319994583248,0.006289827403833751,0.051641948869416476,0.11598971623679065,0.25098039215686274,1
345,5.194498606824292,10.510307300643454,3.141384257751631,3.0,0.9968921809618524,0.003302134929191602,0.00537542706217405,0.09238330171069921,0.037325276720364384,0.8196078431372549,1
346,3.9087417599285987,8.522526805724901,3.0994460092110185,2.0,0.6895945782177849,0.0002767845120363859,0.00036364176091667407,-0.001819407604306605,-0.02601874093411245,0.8313725490196079,1
347,4.960363359127256,10.02661186093305,3.721780890984873,5.0,0.9969057778410374,0.005494789245912476,0.005318387301327551,-0.10714135716231038,0.42972051249974846,0.7333333333333333,1
348,5.086385046282449,10.297711256793296,4.423413710173706,5.0,0.9958005232382177,0.0037502698035829915,0.007652371423935969,0.010696529022724683,-0.15296749165921888,0.6627450980392157,1
349,5.192214364366398,10.825582938583864,3.553776015029406,5.0,0.9865737574010393,0.0060473622705382365,0.0076718021913437726,0.2388394225586582,0.008340456420713035,0.43529411764705883,1
350,4.133266941188114,9.125979765458828,4.416411444983506,2.0,0.9470857860450514,0.0003842965451740589,0.001075926552993479,-0.046525635021199586,0.00820372474883214,0.7529411764705882,1
351,4.823194440729321,9.85682943046215,4.44884714419386,2.0,0.9962802802551501,0.0004951011048572024,0.0004829751267809708,0.03223952162550842,0.020145488983998195,0.807843137254902,1
352,4.550717614644945,9.517859712451237,4.458728744975236,2.0,0.9106354945141488,2.2613946020510848e-05,0.00021606254442075337,0.022703396774473292,-0.012071610195740243,0.8196078431372549,1
353,4.549601999977104,9.34171253355521,3.1640654967883144,4.0,0.9483056263009483,0.0008078770725571207,0.0011595734926892936,-0.013467960969759343,-0.04145012175594717,0.8549019607843137,1
354,4.838789961426616,9.683360083266134,3.999300818148363,4.0,0.9968965635460365,0.0009791819663848914,0.001571055491740369,-0.00487346637271926,-0.03467651507150412,0.8117647058823529,1
355,5.194163835240615,10.34513122096497,4.046628712480761,4.0,0.9968987436294734,0.0036717999566200847,0.006504892810679337,-0.08471861837612228,0.3985697628457196,0.7215686274509804,1
356,4.918551106632378,10.220853915365693,2.9739632165090444,3.0,0.9865855394249928,0.005769623795374868,0.015279246824241536,0.6395834928183076,-0.06722293390121846,0.796078431372549,1
357,5.109742311659946,10.011580076739593,3.991251087970385,7.0,0.9968888742569042,0.008020958660812408,0.003990154165047286,0.015658217204820888,-0.018660736607465766,0.7764705882352941,1
358,4.6324300904296765,10.185650791851973,3.407874750140302,1.0,0.9865619248538268,0.004920822850377387,0.008224739427213159,-0.14912093010135583,-0.015673241320409405,0.7647058823529411,1
359,5.1230848774210305,9.986494008936868,4.112499702893681,8.0,0.9283839430449294,0.001430615164520744,0.003226339261135275,0.015858373427556968,-0.04357052290149194,0.788235294117647,1
360,4.971509166216518,9.91363637645845,3.87770000306134,4.0,0.986580832657475,0.007504179177998921,0.003416940056809249,-0.007859002809453532,-0.027407599911874563,0.807843137254902,1
361,5.070394947599499,9.980848159684953,4.244301506084096,3.0,0.9920924574209246,0.003469110765248104,0.007969089591886018,0.5431298849175581,0.2887872824278792,0.788235294117647,1
362,5.137943055465936,10.258841846229842,4.516050676324141,5.0,0.9920924574209246,0.0030552993729680714,0.006760732016968921,0.14385694949479025,-0.0050235953730935435,0.7647058823529411,1
363,4.990693252938875,10.09669304787948,4.53203163642899,5.0,0.9865925845226423,0.0048473224438889675,0.006108019913818349,-0.10589428387637614,0.018672019350206483,0.7215686274509804,1
364,4.725787423582772,9.702312812085172,3.3558428734016315,3.0,0.9456679510875808,0.002269736842105263,0.0007950530035335689,-0.014437426050151338,-0.04443382847373589,0.8509803921568627,1
365,4.908200761039982,9.650917968819325,3.8537042453031143,3.0,0.9866019499937334,0.0029712776493892373,0.004165970598062145,-0.06633768100635572,-0.009323153060854216,0.7764705882352941,1
366,4.407678956175695,9.165794413846463,3.105597253331049,2.0,0.9508599929593041,0.0005700635213638091,0.0020786522952011897,-0.004239563002488032,-0.06062857557288466,0.8156862745098039,1
367,4.81809641313064,9.66830827555453,3.8672707042386554,5.0,0.986627541341911,0.0024265034449074603,0.0049154603177902255,-0.45263300739838846,0.09621011575096312,0.6666666666666666,1
368,4.507003320552841,9.314962752278753,3.5324645927894585,4.0,0.9136695092355052,0.0015862390946062247,0.0036185802559456142,0.005015437222530985,-0.047718697632433874,0.8156862745098039,1
369,4.960410207010863,9.701906989831505,4.588583414874457,9.0,0.9865737574010393,0.002221907801306943,0.0034475882624574955,0.556892383332717,-0.019447110550071738,0.7176470588235294,1
370,4.726015442245895,10.331408317858333,3.846841288184613,3.0,0.9865902381604843,0.006256976214057759,0.005969384018164506,0.11401761676256342,0.2560877601216352,0.7294117647058823,1
371,4.200864812023699,9.037652429239863,3.3446771602790357,2.0,0.7763951663724422,0.0,0.0,0.048388477829665585,-0.008532194196783431,0.8352941176470589,1
372,4.661290589612583,10.14634880177813,3.7992842405389116,2.0,0.975840200926144,0.00044866042815023714,0.004188235545512338,0.08864167754557885,0.006198429916086982,0.8392156862745098,1
373,5.106875902379512,9.801323656754764,4.537374487689558,6.0,0.9772822646050807,0.0027371486882945702,0.004776378636561007,0.3899498496228015,0.2073400129194189,0.6784313725490196,1
374,5.201041354728705,10.199173996802294,4.601286417514216,8.0,0.986687091978145,0.002777076495834385,0.0034894596733577956,0.037521746271956084,-0.03148448345792585,0.2549019607843137,1
375,4.837759300793769,9.230662796076873,4.730515244611407,7.0,0.971435340098808,0.002207310612749426,0.003282424394476328,0.013604256896580885,0.018724653233899206,0.8431372549019608,0
376,4.8743965558249345,9.349812706187812,4.856242598688468,6.0,0.901443372456432,0.0010025062656641604,0.0027482416395746795,-0.05410561794900803,-0.015514536290506978,0.23921568627450981,0
377,5.030001332449542,9.594486392599796,4.417940097575649,4.0,0.9108680079538577,0.0014732777890672628,0.004772517502982823,-0.16514929706464934,-0.10319673422506839,0.788235294117647,0
378,4.877918771404004,9.421827432336498,4.480635671694895,3.0,0.9692099964418887,0.0006338943298152198,0.002241297091082499,0.001569453611497965,-0.02244423230342365,0.8196078431372549,0
379,5.041072733143297,9.534600325807329,4.391963408075668,5.0,0.9733651229662094,0.002039026760905624,0.00384252001752358,-0.015089512744675305,-0.028379245968091618,0.8196078431372549,0
380,4.42595493229454,8.671636471587556,3.7312760011082218,6.0,0.9733925032914956,0.0009846850055519475,0.0029113690805233094,-0.6966729202393167,-0.12284223256714805,0.7215686274509804,0
381,4.811359715956977,9.472849714891707,4.327796194681297,5.0,0.9739207360226468,0.0005226398061481446,0.0015213438714225891,-0.007189249603469898,-0.02507189290751848,0.8313725490196079,0
382,4.675509457496777,9.326093164366474,4.44074049414001,6.0,0.9733145631910896,0.0004331611253737335,0.0011879003860676255,-0.007065123871492027,-0.028336664116849167,0.8274509803921568,0
383,4.982002215218069,9.684075014185671,4.500094880398963,11.0,0.9747698470186908,0.002238376543503165,0.004511938387973807,-0.013317877783938373,-0.03659056848642707,0.8274509803921568,0
384,5.0123548262289015,9.697309020746266,4.339939485049269,7.0,0.8557921516406918,0.0031572288006111535,0.005160904056279001,-0.0583233556362285,-0.3307681864788408,0.7137254901960784,0
385,4.907683427702353,9.427393523622797,3.4020787859017965,4.0,0.9125576818988989,0.002650156880322725,0.003471055872802598,-0.6635346083607406,-0.0697402975840658,0.7333333333333333,0
386,4.820359260167238,9.082202396735147,4.701597282620618,4.0,0.9498364478904806,0.004242591374811735,0.006794055201698514,0.027921449963791485,0.018833255803167023,0.8588235294117647,0
387,4.978752182398112,9.783025910019147,4.244064614736485,5.0,0.9691503626762275,0.0028106421802342693,0.005075282123810366,0.6727407600816492,0.5644965236624347,0.9215686274509803,0
388,4.628612316526144,8.931727492344034,3.9356802208859802,6.0,0.975255756277654,0.0006492124308216262,0.0013003901170351106,-0.0192156862745098,0.0332825449297549,0.2,0
389,4.7194536273305,8.718304783789085,3.3821655046735293,3.0,0.9752601069224124,0.00011174968071519796,0.00032094486167276464,0.07889196472094977,0.06163715808335309,0.8509803921568627,0
390,4.65514287834105,8.748710113402408,3.7855020812332065,6.0,0.9186275619051696,0.0013464594737771498,0.0019227785535385774,0.05136414874277191,0.04309963826579486,0.8549019607843137,0
391,5.011541671676656,9.588131195573148,3.165991071673965,6.0,0.974540740076056,0.0030336604410678486,0.0067152450350050005,0.131980811631364,0.09588967253085053,0.8666666666666667,0
392,4.661917965181895,8.912618590032904,4.402230215913383,6.0,0.907651824181139,0.0006813417190775681,0.0023896747354706024,-0.015403092193869657,-0.021200537614992854,0.8352941176470589,0
393,4.9572000337481645,9.772542487156326,4.583278345354838,5.0,0.974671116043285,0.0014589678601094759,0.0043752103466512815,-0.016960044921314157,-0.015270893038624308,0.8313725490196079,0
394,4.577920248087065,8.728150936848076,3.0639596756745657,3.0,0.9754227108934677,0.0016530654948734044,0.002678580825781735,-0.6404863396881754,-0.18365650254713262,0.6823529411764706,0
395,4.8153189019180065,9.508676816250421,4.0602830555520635,5.0,0.9718231719501158,0.0031742412423344172,0.0015703896982435794,-0.009934146246375244,-0.0028485705976012813,0.08235294117647059,0
396,5.023829219917548,9.65573497538911,4.094674918677733,5.0,0.9750375404192858,0.0026365348399246705,0.004687368774670362,0.09089791113305616,0.5155076708501274,0.7294117647058823,0
397,4.8132045406522135,9.014919565460616,3.9697094441593155,8.0,0.9753377853703992,0.00032710773451514194,0.0007006146301073215,0.06738599330473748,0.05654356212851987,0.8627450980392157,0
398,4.9007281678256485,9.651853220681133,4.004853209174988,7.0,0.9754896262259776,0.0018207282913165266,0.003277197604039264,0.4150811492616346,0.4946744508506865,0.8666666666666667,0
399,4.757357899498689,9.250055952319242,4.4343294099890445,8.0,0.9751145372631072,0.001164175871778211,0.008020621353954687,0.02360930409403128,0.024448150076869193,0.8666666666666667,0
400,4.793164263761417,9.123392995562474,4.219528652299799,7.0,0.9752383163058855,0.0021392081736909324,0.0027875610449065364,-0.04128544305592125,-0.007279737521261861,0.22745098039215686,0
401,4.929048594180844,9.756321258184983,4.490590292210932,7.0,0.9707695706728585,0.002972896267915425,0.0069278940776525315,0.056816061092570785,0.03280276816608996,0.30980392156862746,0
402,5.011397042336106,9.882854605840306,4.3593695829457,9.0,0.9697034163778491,0.0022404202719406674,0.00655221562745974,-0.44065034421421617,-0.12635445293645683,0.7215686274509804,0
403,4.824195573699242,9.246609419584185,4.005444474607074,7.0,0.9677750282893346,0.0011760323541932737,0.0029927296478322787,0.042416969003597836,0.05429124453914824,0.8784313725490196,0
404,5.037828399870262,10.062499105430058,3.8486119187013523,5.0,0.9733651229662094,0.0029000665589046307,0.005214848595210573,0.14917514436840631,0.1083820865049866,0.8549019607843137,0
405,4.980225528569593,9.81040939062742,4.032293675916089,5.0,0.9752120436383763,0.0034728931830381106,0.004219137146143386,0.13754589855342242,0.10746263352474003,0.8901960784313725,0
406,4.761478843729135,9.443749579157618,3.8502935590840135,5.0,0.9751457638277803,0.002758990874932904,0.00436048084309843,0.7700961880071472,0.13578873568639865,0.8784313725490196,0
407,5.001709816463739,10.070238015122118,4.544603869168384,6.0,0.9750288129081829,0.003119195892057249,0.0050893091673233515,0.04762453967864649,-0.1660865075565861,0.4196078431372549,0
408,3.912568871905664,7.8073169091522345,3.716261155808994,6.0,0.47862857944974735,0.0008708396168305686,0.0013575572454315016,0.019912520424599338,0.019229297452152173,0.8823529411764706,0
409,4.393701922303919,8.840928374897715,4.249597791727917,4.0,0.9328004057600282,0.003999812141895489,0.00513135319765154,-0.010916432186578498,-0.02053082292045671,0.8470588235294118,0
410,4.982792104313818,10.001182967405521,3.578099818335467,4.0,0.9709352898907001,0.0013097155126140633,0.004490321463736596,0.06162287203904825,0.0385062441138315,0.8823529411764706,0
411,4.32005917938924,8.565222763116168,3.994471011438997,6.0,0.9366580364755547,3.8627935723114953e-05,0.00018848364904344549,-0.015182461964882137,-0.024297018118253313,0.8117647058823529,0
412,4.4960688081719,8.79058210646324,4.53299918073344,7.0,0.9658216245604819,0.00021715163865967328,0.000670657076270476,-0.004125846087426614,-0.00845923808281569,0.8,0
413,5.025951106293112,9.835072063621869,4.08055457266159,3.0,0.9689196672423882,0.00010428114195872071,0.002507968868825138,-0.02394541958470975,0.0008361924777008349,0.1607843137254902,0
414,5.027281922646488,9.937982826651973,3.715068269978829,3.0,0.9687606786839902,0.002291296089722331,0.005329885917760994,0.35352537951700486,-0.012345378287595908,0.8509803921568627,0
415,5.0547169274715245,9.537954692511091,4.275584722127814,8.0,0.9669359268729326,0.00232028033885619,0.0049504950495049506,0.010355064690011889,0.021231028913733498,0.25098039215686274,0
416,4.8251179236220585,9.308422860043029,4.2685294027970535,4.0,0.9425318662163634,0.001278291600872246,0.003294701079511206,-0.034474703516937065,-0.0232534811377916,0.8156862745098039,0
417,4.8789067744369365,9.649539367862474,4.341280572377957,4.0,0.9689080146711697,0.0006031542734597227,0.0008834385224116374,-0.024229396345526164,0.0034052195867353167,0.16862745098039217,0
418,4.867656192418237,9.58634004730633,4.4317901797111015,8.0,0.9694518914395759,0.0011460294544453293,0.0009918622213205292,-0.012091172048775986,0.01342860699632354,0.1843137254901961,0
419,4.439828851260904,8.877425168260183,3.9667982015047603,9.0,0.968834700213242,9.680253771575796e-05,0.00035359348786121077,-0.005348094268816751,0.0120120163980688,0.17647058823529413,0
420,4.641655113569853,9.11532828636435,3.7631803949585922,4.0,0.9688162615169914,0.0006105098133799632,0.007464653997092476,-0.08494389003525384,-0.17416078405797006,0.35294117647058826,0
421,4.72112030179457,9.151490018860146,4.209823811039322,5.0,0.9572545409757426,0.00035215488820955466,0.0015086673687197986,0.03090811236929984,0.013761178235551872,0.8627450980392157,0
422,5.013428060896601,9.590131716331113,4.452888930822611,7.0,0.9688897517899137,0.002055192339196092,0.0062815294549761255,-0.028067254261716714,-0.03863126132309437,0.8117647058823529,0
423,5.015085392648046,9.526453983715387,3.3902118491615676,4.0,0.9753506162345942,0.0018465759206499946,0.004935091095102545,0.09094172491512068,0.033100080921929,0.8509803921568627,0
424,4.878076943219714,9.523479905198842,4.441585896016542,3.0,0.9690166826036226,0.0009859320736947436,0.004058242468838495,-0.012099531476452506,0.014419660105768999,0.2,0
425,4.761512922242255,9.050903170731775,3.9263672631878657,5.0,0.8248915394540819,0.0017072236902393252,0.0010814189717143303,-0.0011204358154179859,0.010660234695450774,0.1607843137254902,0
426,4.5260103128728995,8.906073587058316,4.329219156352277,6.0,0.9121162564982117,0.0009500815952428856,0.001087847902127161,-0.009545253630660068,-0.02143899067070525,0.8549019607843137,0
427,4.76487270512954,9.176795342802235,3.7397836561345104,7.0,0.9550606504120858,0.000966813318125034,0.001981606349826813,-0.014292146577360167,-0.029303243031975915,0.8313725490196079,0
428,4.529668967672085,9.118000638436923,4.826344032313492,3.0,0.9329339645770112,0.0016389281299664488,0.0029940615023241195,-0.0007814481691478832,-0.022377747699189595,0.8156862745098039,0
429,4.830132925599786,9.072007675824713,4.675260543563763,8.0,0.9753634144225646,0.0017094017094017094,0.002519958494801262,0.0052808563356111764,0.00845113673678376,0.8470588235294118,0
430,4.788030241418362,8.951282916990928,4.4502928146266,7.0,0.9742853180454517,0.002035919435759471,0.0038051034381827494,-0.0054046540356274325,0.018848268547810174,0.2,0
431,4.482309807360483,8.81161334000572,4.183970870017317,8.0,0.9733788304728086,0.00026712199618696445,0.0013969278130963301,-0.012605690008298368,0.01400003708127348,0.19215686274509805,0
432,4.829582157179584,9.808843436403059,4.364953975148373,7.0,0.9691503626762275,0.003472835364059097,0.007881787913609712,0.6553790641406887,-0.022886341228574244,0.807843137254902,0
433,4.718762800324992,9.172382215997462,4.48565095426642,7.0,0.9734693336919797,0.0005557229072098556,0.0019234588808396316,0.01871651618676145,0.019381519879943358,0.8588235294117647,0
434,4.940141930677423,9.228112076707761,4.23275374245368,5.0,0.9747910559487146,0.0015626402284833415,0.0031088520471447647,-0.010075923596838605,0.024938786030562266,0.20784313725490197,0
435,4.750850982923659,8.987308166229568,3.554883184776337,4.0,0.9753506162345942,0.0001899335232668566,0.0011343818414091779,0.06738599330473748,0.05654356212851987,0.8627450980392157,0
436,4.526147515257624,8.681625782284847,4.577563897477486,8.0,0.9638072747347114,0.0026132588501661057,0.004342490323798735,0.017113705053808433,0.016526512865821897,0.8666666666666667,0
437,4.757629088048841,9.55466444074488,3.732099075526849,3.0,0.9750966079862602,0.0018951700238249946,0.003163886034867981,0.11740411063495833,-0.15027040899228528,0.39215686274509803,0
438,4.983558609106815,9.833806422669232,3.8618038016678335,6.0,0.9748511230247425,0.00112281822051937,0.0034204478648923093,0.3669081702080772,-0.11921569120938004,0.8862745098039215,0
439,4.891933652952598,9.582783182291495,3.778745036265539,4.0,0.9741167651086872,0.0030346161076348793,0.00525543810652681,0.394882313293416,-0.11323068125465093,0.8313725490196079,0
440,4.8498081580831816,9.207246144589003,3.9845555520789313,3.0,0.9689625425718384,0.0017052139336083518,0.002125993062548954,-0.022131838383813884,0.0007728608266297831,0.1568627450980392,0
441,4.143624635556649,8.116410651768062,3.612814055263464,5.0,0.9751988563007374,0.0009715512614063338,0.0014207756143240014,-0.028202969596489855,-0.029205029956079032,0.8627450980392157,0
442,4.652201487769206,9.36727682188549,4.78761848108136,5.0,0.9733559652921716,0.0017062322377526334,0.0037348716567087697,0.0022955270364661048,-0.021840480839460122,0.8,0
443,4.8218203363778755,8.97847669751387,3.6581161328306875,4.0,0.922682037054952,0.0015481096174198923,0.0029500344918481462,-0.5293243829761876,-0.2581687515000034,0.7254901960784313,0
444,4.9147137411917,9.264097878474866,3.832735905749179,4.0,0.9370197644636555,0.0015098914421116437,0.0032719701226162543,-0.01601051218417052,0.02049252109725439,0.34901960784313724,0
445,4.479949738802126,9.114600610427983,3.7088435995110083,4.0,0.9719760353713732,0.0004089539388721481,0.0010310440932450502,-0.01190295571140535,-0.041510539672353707,0.8470588235294118,0
446,4.871530835054999,8.931409976198232,3.7250706534493996,5.0,0.9514615948618381,0.001015746761971301,0.001703778949461724,-0.013682959548597474,0.02189731262509249,0.28627450980392155,0
447,4.943856706121375,9.776366329300549,4.163083432040189,6.0,0.9747507739498423,0.003403113258185722,0.006512777346110679,-0.07323694755677754,0.2937373528910879,0.6078431372549019,0
448,4.752609685941334,8.935229972382368,4.395515883112049,5.0,0.9627338047445255,0.0013219709384901124,0.0028190488726546775,-0.017081691496168245,-0.020357167208144466,0.8470588235294118,0
449,4.477786802391728,9.001393646848776,3.5981239897177035,5.0,0.9732728432913639,0.00033033545032181067,0.0010913601541745856,0.031108730100370626,0.03221403304246293,0.8784313725490196,0
450,4.913698968778882,9.666407586809745,3.9078361671720456,5.0,0.9749968689888601,0.0018573145416803233,0.002865471073563559,-0.008951020934124877,0.02010432218203094,0.20784313725490197,0
451,4.410132991386634,8.876331428880432,4.036963495568412,6.0,0.9733696959974332,0.0004384435781221937,0.0011290492771974254,-0.005143350867920151,-0.029169392269150524,0.8392156862745098,0
452,4.991355699071333,9.485840754602114,4.2616975211495305,6.0,0.975342065963544,0.0007966656114804263,0.0027322839240902556,0.06712793913131304,0.3807014607838197,0.7411764705882353,0
453,4.6979903690679015,8.611057749992103,3.7931209054962585,7.0,0.9449124837883319,0.0008840735097718338,0.001923920536441687,0.046276706152370096,0.015036213305687558,0.8862745098039215,0
454,4.499443646670592,8.187224954367293,3.790451331643361,6.0,0.8048214247264697,0.0010046885465505692,0.0030813124108416546,0.048647894514004274,0.01034042919038268,0.9058823529411765,0
455,4.770903346550795,9.011977911721079,4.0443377887689,8.0,0.9740213645161918,0.0006281341275740413,0.001108012876054844,-0.006844023575211126,0.016939552775476253,0.17254901960784313,0
456,4.973735884359391,9.876609900101364,3.983070285636744,8.0,0.9733970532120481,0.003917789277408812,0.005515034784713671,-0.5918676739480556,-0.12580535773803256,0.7490196078431373,0
457,4.717167978909939,8.983610359642126,4.415928923387179,5.0,0.9753206265051244,0.0026221378073229924,0.005731542625025255,-0.012447217107370019,0.017132124586763595,0.2,0
458,4.942701502091158,9.812528060348091,4.187391590650617,7.0,0.9732495268991619,0.0025574357444269214,0.004801690194948622,-0.0036240196655345754,0.00995691219871574,0.20784313725490197,0
459,4.748614256143845,8.95800203024542,4.309076278969823,7.0,0.9744833759225976,0.0005346178001775139,0.0014524328249818446,0.035728127109234224,0.03968010509892368,0.8509803921568627,0
460,4.903599973894566,8.981595399585917,3.5086780348414885,6.0,0.9752470437799501,0.00014367816091954023,0.0004231273934816957,0.07255958648511639,0.05271762539592008,0.8470588235294118,0
461,4.542972650103754,9.029694560842632,4.096899696940905,6.0,0.9733651229662094,0.0011093150771766347,0.0025018605608601334,0.4098715860438214,-0.27646187559827085,0.6705882352941176,0
462,4.724521007035409,8.894533725014693,4.205853243913652,5.0,0.9716795323617695,0.0003061471117436958,0.0008707009142359599,0.029760078824192765,0.026796095331925673,0.8509803921568627,0
463,4.383603559024232,8.368057802581905,3.408098062230989,5.0,0.9664276211892584,0.00516268851680323,0.0059883774123952625,-0.01591140162320172,0.010732375909749976,0.15294117647058825,0
464,4.813732993060924,9.487997615374494,3.692504720713611,4.0,0.974900591782254,0.0022211670359818508,0.004675507045175291,-0.6291114789652328,-0.08841585237462986,0.6666666666666666,0
465,4.977406260963454,9.287993391113982,4.465441301324674,6.0,0.9745637111415762,0.0013295346628679962,0.0018903990959879184,0.03112051695904747,0.02431401258956233,0.8392156862745098,0
466,5.078185160067644,9.13729543062823,4.583240933398846,7.0,0.9685039811881845,0.0017808133079130963,0.001136202243999432,0.019237913402934556,0.0013452459527125433,0.8196078431372549,0
467,4.807069427062779,9.220963621798624,4.622424548386272,7.0,0.9734783007054943,0.004341909817078871,0.0063556224018716965,0.01310265282583622,0.02269446040828425,0.8352941176470589,0
468,4.4537982152323625,8.368789083049414,3.7498507598250668,4.0,0.9744400209544507,0.00030883261272390367,0.0005876396299969044,-0.009903883121876195,0.017154028759313447,0.1803921568627451,0
469,4.562145332160108,8.723028040046863,4.466960818503877,6.0,0.9580529395794687,0.0022880468351370946,0.002595123106825389,-0.009443580224897271,-0.017760791256585563,0.8549019607843137,0
470,4.859164221807427,9.355412959763102,3.799567233929647,7.0,0.9731027113832575,0.003079486214865373,0.0033365238504674917,-0.03340308834270371,-0.003510806055771707,0.16470588235294117,0
471,4.6659995660966525,9.01983624964518,4.621400723182934,4.0,0.9734738190754665,0.0007375014282598083,0.0018965219980878042,0.0129892029085446,0.015479929231193188,0.8588235294117647,0
472,4.582786742184311,8.267513055192357,3.8449458152998277,9.0,0.9299019039894952,0.0014885276622999236,0.002635883315093962,0.04900549822430645,0.01405210049263133,0.8666666666666667,0
473,4.693176946327014,8.996549450092061,4.129016283306928,6.0,0.9743477780633759,0.00044345195673175906,0.0011011583338627364,0.04615143142415907,0.020547941138085408,0.8588235294117647,0
474,4.688325381130393,9.307151038273886,4.256729746834919,7.0,0.9733833919267423,0.0026083677274727117,0.0040309195238772706,0.039463527495366725,0.043828687515660235,0.2549019607843137,0
475,4.535300710299501,8.173630852305982,3.672125387017395,4.0,0.9734738190754665,0.0012049319109596868,0.0016509668082527443,0.02537154585750916,0.017113323766348117,0.7803921568627451,0
476,4.744040969017293,8.660068957523015,4.016864323864926,6.0,0.9689422016358431,0.0009113573987555258,0.001931636852271773,-0.11262591311034227,-0.19507380375595032,0.592156862745098,0
477,5.0487107278198335,9.497266138516167,4.157574022758885,6.0,0.9689545257360569,0.002893153051035004,0.005334021594184196,-0.44134229497160715,0.0778205543312882,0.6313725490196078,0
478,4.776624214374115,8.853747002489671,4.095089567513117,6.0,0.9486018787884433,0.0006993689415132392,0.0011659202597713925,0.006053212519902726,0.021110060773547396,0.16470588235294117,0
479,4.621061670500837,9.025396461547661,4.163749953692614,9.0,0.9752601069224124,0.0005427841634738186,0.001043070800436485,-0.012386069601602628,0.03065659803642588,0.19607843137254902,0
480,4.801121234990491,9.307225822644375,4.384292027170869,5.0,0.9737787303010244,0.0013627429127236622,0.004744434803346983,0.0017361128847222722,0.01651801071891942,0.21176470588235294,0
481,4.553930885394301,8.639229647052215,3.4152076408107144,5.0,0.973406141553775,0.00018331901699105403,0.000515279618062128,0.05856444395233451,0.03113926720946631,0.8901960784313725,0
482,4.485010098198239,9.001271072814584,4.489414106483814,5.0,0.8192960801345057,0.0010792143319663286,0.001198596283115856,0.005991401109612432,-0.014829238119945541,0.8156862745098039,0
483,4.664865335031995,8.927309957523851,4.144143434199515,7.0,0.9745792562777719,0.0011601364234497945,0.0015041242115477924,0.01777503919364348,-0.0064695851794013435,0.803921568627451,0
484,4.729766029120543,9.698936366351838,3.772268179312497,5.0,0.9735362224632024,0.004991118820828702,0.007692028025782057,0.6441632742231412,-0.045044284137517744,0.7803921568627451,0
485,4.691890818972169,8.986525824646419,4.512016362243626,4.0,0.9732541981456133,0.00043689527300626573,0.0007892701917179959,0.024488289958269047,-0.0034416047111693335,0.788235294117647,0
486,4.6339354418635965,8.673613256712809,3.96469901188999,9.0,0.9742352779605499,0.0005499570509731621,0.001103230890464933,-0.007119106974383173,0.014596332378191777,0.18823529411764706,0
487,4.9331163161377996,9.737829904023574,4.573396748259548,3.0,0.9753506162345942,0.0025377229080932786,0.0073628802697072344,-0.009204743254992612,-0.000643658350580164,0.23529411764705882,0
488,4.96822402742595,9.334643289403513,3.803949148810669,3.0,0.9747528150045375,0.0014940107589891407,0.00259630159487098,-0.30633291341633817,0.1628800992918061,0.3764705882352941,0
489,4.506205914339263,8.465613975939881,3.9758683210255983,8.0,0.9753719284560094,0.00025324469768914215,0.0005977128227913717,0.05020588544768119,0.008852652194784684,0.8666666666666667,0
490,5.03985349934519,10.18650105312144,4.020181016220721,7.0,0.9737548076476795,0.004468955025197299,0.008346821543051192,0.1477669429590609,0.09967006153365564,0.7450980392156863,0
491,4.663935295013641,8.87596356750843,4.633605574736297,8.0,0.9357554653208574,0.0017131828334742915,0.0023337665150530646,0.01883199806878484,0.02410385834561738,0.8666666666666667,0
492,4.9691854875478985,9.586837532340766,4.362427164349819,6.0,0.975380428058889,0.0019151630262741375,0.004338956536445121,-0.01119290834289924,0.030752262930140918,0.2196078431372549,0
493,4.46722079200513,8.708834952000876,4.010117840248681,5.0,0.9734242723751174,0.0003928264649808301,0.0007506088855295204,0.033131516325397396,0.029831751293107726,0.8745098039215686,0
494,4.896858897723611,8.95059170390657,4.491672808753359,8.0,0.9775361654908429,0.0008703851454268513,0.0014986404087013842,0.04445099823403915,0.009448351347427587,0.7725490196078432,0
495,5.038323449664647,9.519602858889705,4.297188315809534,5.0,0.9775361654908429,0.0025904319804370577,0.006149060646011865,0.14687613738922928,-0.036620334000577175,0.7568627450980392,0
496,4.762665126599173,9.281799418782775,4.180222643157707,11.0,0.9649690803415414,0.0013106858190187972,0.0024103468547912992,0.038173531316588606,0.029824431330654728,0.8823529411764706,0
497,4.707251423314843,9.184934741941282,4.291975616747535,7.0,0.9664555678212378,0.0005342439923739289,0.0012271942021657607,0.040310881380620216,0.029287569664400045,0.8470588235294118,0
498,4.854084479109809,9.762026202883114,4.057400670785812,7.0,0.9747783307050925,0.0014707461084272678,0.004289235472031171,0.0017650480994676433,0.016793310897568078,0.23921568627450981,0
499,4.876624340647296,9.60282047890925,4.058746644293381,7.0,0.9743211202770266,0.0025076152315188756,0.003895841958324045,-0.6916605410494484,-0.14701698644829808,0.7450980392156863,0
500,4.5082237867679655,8.802405083986342,4.474624613202613,11.0,0.9487489452513783,0.0020474404307685694,0.0050040398599515215,0.024212925577950486,0.018917210729729572,0.8705882352941177,0
501,4.712336654433356,8.601944248440041,3.9094396305023458,10.0,0.9483154731571879,0.001053269924356069,0.0018820415976156524,0.036499240747478595,0.01940699055391733,0.8784313725490196,0
502,4.694747295667398,8.935920688083991,4.6982678623384935,8.0,0.9752470437799501,0.0009738186462324393,0.0017942743900806084,0.020282297964372312,0.02252577394872655,0.8588235294117647,0
503,4.773763210869853,9.08903783061553,3.5870884619409233,7.0,0.9752644538375138,0.0010483184333759047,0.00215474605542456,0.048899786873007216,0.054308715273642096,0.8470588235294118,0
504,4.923201752593153,9.262738242734269,4.182059664655977,4.0,0.9740304202730911,0.0003245359659132547,0.0010231225700838961,-0.006048799151472803,0.016618939083487806,0.1803921568627451,0
505,5.1137628169157425,9.602401348994313,4.501240511091298,6.0,0.9749184656002485,0.0016566423973831382,0.0022885968405681667,-0.016587321428858454,-0.013918415293174122,0.12549019607843137,0
506,4.991216237388536,9.628246199211494,3.966279468030731,6.0,0.974833018628639,0.002421243082162622,0.003062328011735355,-0.02498916672769618,0.7155961077433155,0.7607843137254902,0
507,4.7476966022548215,9.347565395307416,3.9896532785943357,4.0,0.9749981505227856,0.0014699727976564135,0.003087737047048471,0.5933684422186127,-0.10462686586409327,0.7568627450980392,0
508,4.605107939037734,9.380363960968262,3.868082320542661,5.0,0.9749968689888601,0.002605703048180924,0.004644039326120251,0.7534737023215861,0.244818446477813,0.8313725490196079,0
509,5.06845283903245,10.007548199426923,4.794552021331791,7.0,0.9733006920490427,0.0021024161938871457,0.004056816673304128,0.01711243558731764,-0.005560167372836428,0.7647058823529411,0
510,4.946493538104235,9.283009782104813,3.797074450720242,6.0,0.975255756277654,0.00013303533418475947,0.0009953603364960106,0.06084381240849798,0.058756186659353865,0.8627450980392157,0
511,4.626110540899155,9.103219774389919,4.6165352902335295,6.0,0.9754058406500855,0.0019512450303410755,0.003937755005218711,0.04867537233725907,0.015815587193845827,0.25098039215686274,0
512,4.819065297950099,9.259707405048927,4.258333404461707,7.0,0.9734468503072758,0.002126500597096227,0.0025351330682966944,0.02170464726281328,0.020959934222845866,0.8549019607843137,0
513,4.677649985718862,8.896796753792712,4.215454550483004,10.0,0.9685121639030105,0.0011554599476049498,0.003873988931460196,0.030169746786056408,0.03595490411994034,0.8549019607843137,0
514,5.00266042761251,9.796323427605076,4.195626833908479,9.0,0.9158444341141593,0.005090544938663106,0.005198519142521448,-0.64559421338547,-0.06785468608982578,0.7490196078431373,0
515,4.930269591973255,9.388904911748469,4.885110590645635,4.0,0.9744182064445613,0.003721694705876195,0.005373630302647907,0.03157795219599511,0.04681623939134353,0.8470588235294118,0
516,4.815055510999694,8.884369079736262,3.718877510252565,5.0,0.8830486003944082,0.001591578277230199,0.0021976898701829705,0.04920651093850085,0.017909705313708602,0.8901960784313725,0
517,4.986012601798608,9.850188609606594,4.524036325482166,2.0,0.9135469660104697,0.002813135392585578,0.005409925025194636,0.2049802979540189,0.2442860064977336,0.7529411764705882,0
518,4.563685500886895,8.418757652517074,3.6700589047166785,5.0,0.973855518170545,0.0006337600301690725,0.0013566104642331485,0.03763885898512027,0.023519369420638668,0.8705882352941177,0
519,4.7487911119637705,9.059697990848667,4.133477344274395,7.0,0.9743566338575977,0.0006810155049809157,0.0012007151395897469,0.04480933573909203,0.023825546438961013,0.8627450980392157,0
520,4.617470127090264,8.521207023660333,3.7925515361117315,4.0,0.9735184672445636,0.001173769878779695,0.0017844786773007029,0.0469943799433218,0.020923245999055005,0.8745098039215686,0
521,4.841302939751784,9.177316555904163,3.932602023568198,5.0,0.9272622332625636,0.0016845882056947831,0.0029601072009138437,0.03525371199561232,0.036506287445098796,0.8627450980392157,0
522,4.941971824297436,9.459746927298886,4.59077308209922,4.0,0.9735759563899884,0.004130613926658426,0.0059296513613361895,-0.007298166189095889,0.003559553487191585,0.18823529411764706,0
523,4.637424771460126,8.818718500369696,3.86047622371629,6.0,0.9753889132678604,0.00039041890893742745,0.0005174835514156871,-0.013130498327011197,0.014582895767922415,0.17254901960784313,0
524,4.61272233679751,8.763443024435148,4.093467915113533,5.0,0.9295998691447381,0.00045943314700766817,0.0008677123149246519,-0.04693303366842712,0.009975924265304253,0.8156862745098039,0
525,4.573605738291695,8.706081002641744,4.151564787420404,6.0,0.9733879495313479,0.001854140914709518,0.0036341802553406647,0.036499240747478595,0.01940699055391733,0.8784313725490196,0
526,4.81792389308934,9.372633749952698,4.497533962852586,5.0,0.9742100677319655,0.000769939871362427,0.0020962373067037457,-0.02205121243192272,-0.0038882237090819036,0.2196078431372549,0
527,4.763335159607114,9.65601898189946,4.379220753234201,8.0,0.9733513806395256,0.0014738043168203861,0.0033189582276340265,0.0288139164009903,0.01943523201605364,0.8862745098039215,0
528,4.149073285161638,8.47741347160427,3.2590115983553885,4.0,0.9401459854014599,0.0031196213425129086,0.005771112334128295,-0.03493322370474311,-0.0361744121046888,0.8549019607843137,0
529,4.514615883039546,9.17589130053311,4.1357765735053045,4.0,0.9733970532120481,0.001896042404307473,0.0026522686369233684,-0.014725020419393647,-0.0364457044563277,0.8352941176470589,0
530,4.472155613180172,9.025126201989853,3.3213494897375204,7.0,0.8911649060129149,5.722657144165179e-05,0.0005522764143453798,-0.015254818176756349,-0.046949502765204806,0.8392156862745098,0
531,4.6580125203325995,8.932943345832028,3.8912084257267665,3.0,0.9316539756443669,0.0006459627329192546,0.0015216336611829048,-0.009791961429254401,-0.03414862772191491,0.8235294117647058,0
532,4.726423731244715,8.967949862703932,4.560189024393039,7.0,0.9738728348456018,0.005552035400068557,0.008711521065043583,0.05803921568627451,0.0,0.8705882352941177,0
533,4.792120900256131,9.414940268153188,4.616939572693267,5.0,0.9738790258513222,0.0010276671423398863,0.003203490847169008,-0.03209151357078851,0.028895328606776995,0.21176470588235294,0
534,4.748184767264131,9.260908770232884,4.247178014992467,5.0,0.9748013614029578,0.00013374485596707818,0.0014560775748563286,0.013062883819639591,0.019366521687214276,0.8509803921568627,0
